dataset,task_type,seed,model,primary_metric,balanced_scaffold,ordinary_scaffold,random,ordinary_gap,balanced_gap,gap_reduction
BACE,classification,7,LogisticRegression,roc_auc,0.7302371541501977,0.7527585436676346,0.8258234519104084,0.07306490824277379,0.09558629776021066,-0.022521389517436874
BACE,classification,7,RandomForest,roc_auc,0.8459156785243741,0.83176234085325,0.8894817742643829,0.05771943341113295,0.0435660957400088,0.014153337671124144
BACE,classification,7,XGBoost,roc_auc,0.8555335968379447,0.8282108554835829,0.8908212560386474,0.0626104005550645,0.03528765920070265,0.027322741354361857
BACE,classification,19,LogisticRegression,roc_auc,0.6948148798034743,0.7527585436676346,0.8437417654808959,0.09098322181326124,0.14892688567742152,-0.05794366386416028
BACE,classification,19,RandomForest,roc_auc,0.7818915599227934,0.838999329908421,0.8865832235397452,0.0475838936313242,0.10469166361695181,-0.05710776998562761
BACE,classification,19,XGBoost,roc_auc,0.7620635199157747,0.8351351351351352,0.8849363197189283,0.04980118458379312,0.12287279980315358,-0.07307161521936045
BACE,classification,42,LogisticRegression,roc_auc,0.787022524741391,0.7527585436676346,0.8525032938076417,0.09974475014000705,0.06548076906625067,0.03426398107375639
BACE,classification,42,RandomForest,roc_auc,0.8274819757288077,0.8305338396247488,0.8818840579710144,0.05135021834626563,0.05440208224220677,-0.0030518638959411426
BACE,classification,42,XGBoost,roc_auc,0.8220187183735614,0.8317176680813045,0.8837285902503293,0.05201092216902481,0.06170987187676791,-0.009698949707743099
BACE,classification,71,LogisticRegression,roc_auc,0.7715328467153285,0.7527585436676346,0.8037110232762406,0.05095247960860594,0.03217817656091204,0.018774303047693897
BACE,classification,71,RandomForest,roc_auc,0.8310550763105506,0.8352244806790261,0.87044356609574,0.035219085416713924,0.039388489785189384,-0.00416940436847546
BACE,classification,71,XGBoost,roc_auc,0.812917496129175,0.8301317846772392,0.8750329380764164,0.04490115339917711,0.06211544194724139,-0.017214288548064283
BACE,classification,101,LogisticRegression,roc_auc,0.7515590689503733,0.7527585436676346,0.870048309178744,0.11728976551110937,0.1184892402283707,-0.0011994747172613396
BACE,classification,101,RandomForest,roc_auc,0.7938954765041721,0.8356935447844538,0.9327184892402284,0.09702494445577459,0.13882301273605624,-0.04179806828028165
BACE,classification,101,XGBoost,roc_auc,0.7835090030742204,0.8299754299754301,0.9265041721563461,0.096528742180916,0.14299516908212562,-0.04646642690120961
BACE,classification,123,LogisticRegression,roc_auc,0.8176254860374691,0.7527585436676346,0.8651954325867368,0.1124368889191022,0.047569946549267716,0.06486694236983448
BACE,classification,123,RandomForest,roc_auc,0.8493283845881937,0.8333035514853698,0.9101449275362319,0.07684137605086205,0.06081654294803818,0.016024833102823877
BACE,classification,123,XGBoost,roc_auc,0.8530620360551432,0.8326111235202145,0.913768115942029,0.08115699242181451,0.06070607988688581,0.0204509125349287
BACE,classification,211,LogisticRegression,roc_auc,0.7229907773386033,0.7527585436676346,0.8502635046113307,0.0975049609436961,0.12727272727272743,-0.02976776632903133
BACE,classification,211,RandomForest,roc_auc,0.7886253842775582,0.8336832700469063,0.9122968818620991,0.07861361181519277,0.12367149758454088,-0.045057885769348105
BACE,classification,211,XGBoost,roc_auc,0.7681818181818182,0.8357382175563995,0.8980456741326307,0.06230745657623116,0.1298638559508125,-0.06755639937458136
BACE,classification,307,LogisticRegression,roc_auc,0.7438722177164999,0.7527585436676346,0.8478041282389108,0.09504558457127621,0.10393191052241091,-0.0088863259511347
BACE,classification,307,RandomForest,roc_auc,0.7918581598630261,0.831226267589904,0.8848045674132631,0.053578299823359044,0.09294640755023698,-0.03936810772687793
BACE,classification,307,XGBoost,roc_auc,0.7651842840407317,0.8332588787134243,0.8875494071146245,0.05429052840120019,0.1223651230738928,-0.06807459467269261
BACE,classification,401,LogisticRegression,roc_auc,0.779929732103645,0.7527585436676346,0.8742643829600351,0.12150583929240044,0.09433465085639003,0.027171188436010407
BACE,classification,401,RandomForest,roc_auc,0.7980017566974089,0.8296850569577843,0.9052261747913922,0.07554111783360795,0.10722441809398331,-0.03168330026037536
BACE,classification,401,XGBoost,roc_auc,0.7869784804567413,0.8310699128880947,0.9099253403601231,0.07885542747202834,0.12294685990338172,-0.04409143243135338
BACE,classification,503,LogisticRegression,roc_auc,0.7780977926303756,0.7527585436676346,0.846157224418094,0.09339868075045943,0.06805943178771845,0.02533924896274098
BACE,classification,503,RandomForest,roc_auc,0.8223770996394336,0.8358722358722359,0.8836846728151077,0.04781243694287174,0.061307573175674035,-0.013495136232802296
BACE,classification,503,XGBoost,roc_auc,0.8123076246592209,0.8320750502568683,0.8867369345630214,0.05466188430615304,0.07442930990380048,-0.019767425597647437
BACE,classification,601,LogisticRegression,roc_auc,0.786120743309327,0.7527585436676346,0.842490118577075,0.08973157490944039,0.05636937526774799,0.0333621996416924
BACE,classification,601,RandomForest,roc_auc,0.8244865297412644,0.8410096046459683,0.8842995169082126,0.04328991226224432,0.05981298716694827,-0.01652307490470395
BACE,classification,601,XGBoost,roc_auc,0.8261758691206544,0.8324994415903507,0.8837725076855512,0.05127306609520044,0.05759663856489672,-0.006323572469696281
BACE,classification,701,LogisticRegression,roc_auc,0.7531219769589307,0.7527585436676346,0.8392402283706631,0.08648168470302853,0.08611825141173246,0.00036343329129606694
BACE,classification,701,RandomForest,roc_auc,0.826004748922698,0.8359169086441812,0.890074659639877,0.05415775099569575,0.06406991071717894,-0.009912159721483182
BACE,classification,701,XGBoost,roc_auc,0.8313472869580512,0.8342863524681706,0.8827184892402283,0.04843213677205771,0.051371202282177175,-0.002939065510119465
BACE,classification,809,LogisticRegression,roc_auc,0.7733888196546199,0.7527585436676346,0.86133069828722,0.10857215461958536,0.08794187863260006,0.020630275986985303
BACE,classification,809,RandomForest,roc_auc,0.8376357486202599,0.8340406522224703,0.901822573561704,0.06778192133923377,0.06418682494144412,0.0035950963977896544
BACE,classification,809,XGBoost,roc_auc,0.8191872885882143,0.8344427071699798,0.9196530522617479,0.08521034509176806,0.10046576367353355,-0.01525541858176549
BACE,classification,907,LogisticRegression,roc_auc,0.8017090271691499,0.7527585436676346,0.8555116381203337,0.10275309445269909,0.05380261095118377,0.04895048350151532
BACE,classification,907,RandomForest,roc_auc,0.8552585451358458,0.8336162608889881,0.9048748353096179,0.07125857442062977,0.049616290173772115,0.021642284246857657
BACE,classification,907,XGBoost,roc_auc,0.8425503943908852,0.8379048469957561,0.8981993851559069,0.060294538160150846,0.05564899076502172,0.004645547395129124
BACE,classification,1009,LogisticRegression,roc_auc,0.7430878124308782,0.7527585436676346,0.8537988581466842,0.1010403144790496,0.11071104571580603,-0.009670731236756436
BACE,classification,1009,RandomForest,roc_auc,0.8426011944260119,0.8318963591690864,0.8937417654808959,0.06184540631180946,0.05114057105488401,0.010704835256925449
BACE,classification,1009,XGBoost,roc_auc,0.8340190223401903,0.8278311369220461,0.9085419411506367,0.08071080422859056,0.07452291881044637,0.00618788541814419
BACE,classification,1201,LogisticRegression,roc_auc,0.8035303994344292,0.7527585436676346,0.8544356609574001,0.10167711728976547,0.050905261522970924,0.05077185576679455
BACE,classification,1201,RandomForest,roc_auc,0.8251590668080594,0.8293723475541658,0.9016469038208169,0.07227455626665114,0.07648783701275752,-0.004213280746106385
BACE,classification,1201,XGBoost,roc_auc,0.8221986567691764,0.8308018762564218,0.9017347386912604,0.07093286243483865,0.07953608192208406,-0.008603219487245406
BACE,classification,1429,LogisticRegression,roc_auc,0.82125328659071,0.7527585436676346,0.8377470355731225,0.08498849190548785,0.016493748982412515,0.06849474292307534
BACE,classification,1429,RandomForest,roc_auc,0.8256792287467134,0.8283002010274738,0.8806543697848045,0.05235416875733068,0.05497514103809109,-0.002620972280760414
BACE,classification,1429,XGBoost,roc_auc,0.8217134092900964,0.836587000223364,0.8838603425559948,0.04727334233263081,0.062146933265898374,-0.014873590933267566
BACE,classification,2024,LogisticRegression,roc_auc,0.7769126162484646,0.7527585436676346,0.817413263065437,0.06465471939780243,0.04050064681697241,0.02415407258083002
BACE,classification,2024,RandomForest,roc_auc,0.8394016494121777,0.8358275631002904,0.8873737373737374,0.05154617427344699,0.04797208796155972,0.00357408631188727
BACE,classification,2024,XGBoost,roc_auc,0.8050315844885068,0.8294616930980567,0.9057312252964428,0.07626953219838606,0.10069964080793603,-0.024430108609549972
BACE,classification,2026,LogisticRegression,roc_auc,0.808629259773409,0.7527585436676346,0.8526570048309179,0.09989846116328327,0.04402774505750884,0.05587071610577443
BACE,classification,2026,RandomForest,roc_auc,0.8115400116430075,0.8361402725039089,0.9293588054457619,0.093218532941853,0.1178187938027544,-0.02460026086090139
BACE,classification,2026,XGBoost,roc_auc,0.8279297837087457,0.8333035514853696,0.9310935441370224,0.09778999265165278,0.10316376042827669,-0.005373767776623906
BACE,classification,3407,LogisticRegression,roc_auc,0.7749646518204312,0.7527585436676346,0.8650417215634607,0.11228317789582609,0.09007706974302954,0.022206108152796555
BACE,classification,3407,RandomForest,roc_auc,0.8208731000353482,0.8308242126423946,0.8841018884497145,0.0532776758073199,0.0632287884143663,-0.009951112607046397
BACE,classification,3407,XGBoost,roc_auc,0.8042152704135737,0.8334822425731517,0.8961352657004831,0.06265302312733134,0.09191999528690942,-0.029266972159578075
BBBP,classification,7,LogisticRegression,roc_auc,0.8580701754385965,0.7311763828835545,0.874,0.14282361711644553,0.01592982456140346,0.12689379255504207
BBBP,classification,7,RandomForest,roc_auc,0.8720526315789474,0.8088564186670643,0.9192105263157895,0.11035410764872522,0.047157894736842065,0.06319621291188315
BBBP,classification,7,XGBoost,roc_auc,0.8638947368421054,0.8167586104070375,0.919578947368421,0.1028203369613836,0.05568421052631567,0.04713612643506793
BBBP,classification,19,LogisticRegression,roc_auc,0.7916872835230084,0.7311763828835545,0.8612982456140351,0.13012186273048065,0.06961096209102668,0.06051090063945397
BBBP,classification,19,RandomForest,roc_auc,0.8062663462218138,0.8035882908404155,0.9124561403508772,0.10886784951046169,0.10618979412906338,0.0026780553813983143
BBBP,classification,19,XGBoost,roc_auc,0.7850427652505831,0.8050792704139954,0.9092631578947369,0.10418388748074148,0.12422039264415374,-0.020036505163412266
BBBP,classification,42,LogisticRegression,roc_auc,0.8316259657836644,0.7311763828835545,0.8638771929824561,0.13270081009890167,0.0322512271987917,0.10044958290010997
BBBP,classification,42,RandomForest,roc_auc,0.8267970474613686,0.803762238457333,0.9136315789473684,0.10986934049003538,0.08683453148599973,0.02303480900403565
BBBP,classification,42,XGBoost,roc_auc,0.7754208057395143,0.802967049351424,0.9035438596491229,0.10057681029769883,0.12812305390960854,-0.027546243611909715
BBBP,classification,71,LogisticRegression,roc_auc,0.8664814007555943,0.7311763828835545,0.8948947368421053,0.16371835395855083,0.028413336086510976,0.13530501787203986
BBBP,classification,71,RandomForest,roc_auc,0.864229148503342,0.7990656528005565,0.9655789473684211,0.16651329456786457,0.10134979886507911,0.06516349570278546
BBBP,classification,71,XGBoost,roc_auc,0.8496258355129322,0.8064211520302174,0.9473859649122808,0.14096481288206342,0.09776012939934853,0.04320468348271489
BBBP,classification,101,LogisticRegression,roc_auc,0.8477304964539006,0.7311763828835545,0.9084736842105264,0.17729730132697197,0.060743187756625794,0.11655411357034617
BBBP,classification,101,RandomForest,roc_auc,0.8831205673758865,0.7990159534814373,0.9282105263157894,0.1291945728343521,0.04508995893990286,0.08410461389444923
BBBP,classification,101,XGBoost,roc_auc,0.8843439716312057,0.819740569554197,0.9190701754385965,0.09932960588439943,0.034726203807390776,0.06460340207700865
BBBP,classification,123,LogisticRegression,roc_auc,0.7645963177878071,0.7311763828835545,0.882140350877193,0.15096396799363854,0.11754403308938588,0.03341993490425266
BBBP,classification,123,RandomForest,roc_auc,0.8340676266208181,0.8110431887083147,0.9220526315789473,0.11100944287063264,0.08798500495812922,0.023024437912503415
BBBP,classification,123,XGBoost,roc_auc,0.7789598108747045,0.8106952934744794,0.9204912280701755,0.10979593459569603,0.14153141719547102,-0.03173548259977499
BBBP,classification,211,LogisticRegression,roc_auc,0.842899554675903,0.7311763828835545,0.8897894736842106,0.1586130908006561,0.04688991900830752,0.11172317179234859
BBBP,classification,211,RandomForest,roc_auc,0.8323849579416129,0.8137021022811988,0.9378245614035087,0.1241224591223099,0.10543960346189574,0.018682855660414166
BBBP,classification,211,XGBoost,roc_auc,0.8350887113875732,0.8186968838526912,0.9250526315789473,0.10635574772625611,0.08996392019137411,0.016391827534881998
BBBP,classification,307,LogisticRegression,roc_auc,0.8037444629014396,0.7311763828835545,0.8759122807017544,0.14473589781819995,0.07216781780031478,0.07256808001788517
BBBP,classification,307,RandomForest,roc_auc,0.8236780177187154,0.8049550221161971,0.9396140350877193,0.13465901297152227,0.11593601736900394,0.018722995602518333
BBBP,classification,307,XGBoost,roc_auc,0.81281146179402,0.8104964961980021,0.922578947368421,0.11208245117041893,0.10976748557440108,0.0023149655960178483
BBBP,classification,401,LogisticRegression,roc_auc,0.7423869037141348,0.7311763828835545,0.8732456140350877,0.14206923115153325,0.13085871032095286,0.011210520830580384
BBBP,classification,401,RandomForest,roc_auc,0.7952121105439184,0.8024203568411112,0.933719298245614,0.1312989414045027,0.13850718770169557,-0.007208246297192855
BBBP,classification,401,XGBoost,roc_auc,0.7787537405386376,0.8186471845335719,0.9160175438596491,0.09737035932607718,0.1372638033210115,-0.03989344399493433
BBBP,classification,503,LogisticRegression,roc_auc,0.823045987060675,0.7311763828835545,0.8882456140350878,0.15706923115153337,0.06519962697441284,0.09186960417712053
BBBP,classification,503,RandomForest,roc_auc,0.8323832837908726,0.8163610158540829,0.9004035087719299,0.08404249291784693,0.06802022498105731,0.016022267936789625
BBBP,classification,503,XGBoost,roc_auc,0.7901556216121699,0.8111922866656727,0.9068947368421053,0.09570245017643264,0.11673911522993541,-0.021036665053502768
BBBP,classification,601,LogisticRegression,roc_auc,0.8661645009281735,0.7311763828835545,0.8511929824561403,0.12001659957258581,-0.014971518472033263,0.13498811804461908
BBBP,classification,601,RandomForest,roc_auc,0.8671105240611167,0.8137518016003179,0.9110526315789474,0.09730082997862954,0.043942107517830786,0.05335872246079876
BBBP,classification,601,XGBoost,roc_auc,0.8647186919891475,0.8148700362805029,0.9130175438596491,0.09814750757914614,0.048298851870501536,0.04984865570864461
BBBP,classification,701,LogisticRegression,roc_auc,0.8401075268817205,0.7311763828835545,0.8530526315789474,0.12187624869539293,0.012945104697226872,0.10893114399816606
BBBP,classification,701,RandomForest,roc_auc,0.8496774193548386,0.8122359723671786,0.893719298245614,0.08148332587843543,0.04404187889077538,0.037441446987660054
BBBP,classification,701,XGBoost,roc_auc,0.8458422939068101,0.8183986879379753,0.8814385964912281,0.06303990855325281,0.03559630258441804,0.027443605968834772
BBBP,classification,809,LogisticRegression,roc_auc,0.8361455544596308,0.7311763828835545,0.8455263157894738,0.11434993290591933,0.009380761329843001,0.10496917157607633
BBBP,classification,809,RandomForest,roc_auc,0.8446526701423136,0.8144972913871079,0.8999473684210526,0.0854500770339447,0.05529469827873901,0.030155378755205686
BBBP,classification,809,XGBoost,roc_auc,0.8341728899535015,0.8098752547090105,0.8727368421052631,0.0628615873962527,0.03856395215176167,0.024297635244491023
BBBP,classification,907,LogisticRegression,roc_auc,0.8558356476536353,0.7311763828835545,0.8460350877192983,0.11485870483574379,-0.009800559934337039,0.12465926477008082
BBBP,classification,907,RandomForest,roc_auc,0.8722851242611979,0.8075145370508425,0.899298245614035,0.09178370856319251,0.027013121352837177,0.06477058721035533
BBBP,classification,907,XGBoost,roc_auc,0.8404543188777326,0.8055265642860692,0.9067368421052632,0.101210277819194,0.06628252322753059,0.03492775459166342
BBBP,classification,1009,LogisticRegression,roc_auc,0.7746435991116841,0.7311763828835545,0.8515438596491229,0.12036747676556847,0.07690026053743881,0.04346721622812966
BBBP,classification,1009,RandomForest,roc_auc,0.8161580342431406,0.8109686397296356,0.8921754385964913,0.08120679886685567,0.07601740435335069,0.005189394513504975
BBBP,classification,1009,XGBoost,roc_auc,0.8265635074145714,0.8016500173947616,0.8912982456140351,0.08964822821927354,0.06473473819946374,0.024913490019809803
BBBP,classification,1201,LogisticRegression,roc_auc,0.8020962199312714,0.7311763828835545,0.8786315789473683,0.14745519606381385,0.07653535901609687,0.07091983704771698
BBBP,classification,1201,RandomForest,roc_auc,0.8392439862542954,0.8074399880721634,0.9152105263157895,0.10777053824362604,0.07596654006149406,0.031803998182131976
BBBP,classification,1201,XGBoost,roc_auc,0.8244673539518901,0.8194920729586005,0.9113684210526316,0.09187634809403111,0.08690106710074152,0.004975280993289588
BBBP,classification,1429,LogisticRegression,roc_auc,0.7566891722930733,0.7311763828835545,0.8738245614035087,0.14264817851995426,0.11713538911043542,0.025512789409518843
BBBP,classification,1429,RandomForest,roc_auc,0.8513914192833922,0.820784255255703,0.9132631578947368,0.0924789026390338,0.06187173861134454,0.03060716402768926
BBBP,classification,1429,XGBoost,roc_auc,0.8409066552352374,0.8146463893444659,0.9175438596491227,0.10289747030465679,0.07663720441388522,0.026260265890771572
BBBP,classification,2024,LogisticRegression,roc_auc,0.8087548773690078,0.7311763828835545,0.8678771929824561,0.13670081009890167,0.059122315613448384,0.07757849448545329
BBBP,classification,2024,RandomForest,roc_auc,0.820181856187291,0.8046319765419213,0.9250877192982458,0.12045574275632454,0.10490586311095484,0.01554987964536969
BBBP,classification,2024,XGBoost,roc_auc,0.819903149386845,0.8116395805377467,0.8980877192982456,0.08644813876049895,0.07818456991140055,0.008263568849098402
BBBP,classification,2026,LogisticRegression,roc_auc,0.7831661092530657,0.7311763828835545,0.8942456140350877,0.16306923115153327,0.111079504782022,0.05198972636951127
BBBP,classification,2026,RandomForest,roc_auc,0.8506828316610926,0.7996620446299887,0.929842105263158,0.13018006063316934,0.07915927360206543,0.05102078703110391
BBBP,classification,2026,XGBoost,roc_auc,0.8037904124860646,0.8119626261120224,0.9272456140350878,0.11528298792306535,0.12345520154902312,-0.00817221362595777
BBBP,classification,3407,LogisticRegression,roc_auc,0.8099066939987276,0.7311763828835545,0.8620000000000001,0.13082361711644563,0.05209330600127249,0.07873031111517315
BBBP,classification,3407,RandomForest,roc_auc,0.8533081218632925,0.8087818696883853,0.9054561403508771,0.09667427066249179,0.052148018487584546,0.044526252174907244
BBBP,classification,3407,XGBoost,roc_auc,0.8200678589100162,0.803687689478654,0.8915438596491229,0.08785617017046887,0.07147600073910665,0.016380169431362224
ClinTox,classification,7,LogisticRegression,roc_auc,0.6625373396591109,0.6503887269193391,0.7767857142857142,0.12639698736637506,0.11424837462660331,0.012148612739771747
ClinTox,classification,7,RandomForest,roc_auc,0.8327183271832719,0.7346938775510203,0.8299194677871149,0.09522559023609456,-0.002798859396156983,0.09802444963225154
ClinTox,classification,7,XGBoost,roc_auc,0.8244596731681603,0.8590864917395529,0.8328956582633054,-0.02619083347624751,0.008435985095145093,-0.034626818571392604
ClinTox,classification,19,LogisticRegression,roc_auc,0.7021139705882353,0.6503887269193391,0.7039565826330533,0.05356785571371414,0.0018426120448179484,0.05172524366889619
ClinTox,classification,19,RandomForest,roc_auc,0.8592830882352942,0.7772108843537414,0.8529411764705882,0.07573029211684679,-0.006341911764705999,0.08207220388155279
ClinTox,classification,19,XGBoost,roc_auc,0.8734375,0.8522837706511176,0.8709733893557423,0.01868961870462471,-0.0024641106442576666,0.021153729348882377
ClinTox,classification,42,LogisticRegression,roc_auc,0.6469444444444444,0.6503887269193391,0.7613795518207283,0.11099082490138912,0.11443510737628382,-0.0034442824748947
ClinTox,classification,42,RandomForest,roc_auc,0.7865740740740741,0.7793974732750242,0.8295693277310925,0.05017185445606831,0.042995253657018395,0.007176600799049915
ClinTox,classification,42,XGBoost,roc_auc,0.8499074074074073,0.8459669582118562,0.8916316526610644,0.045664694449208176,0.04172424525365703,0.003940449195551143
ClinTox,classification,71,LogisticRegression,roc_auc,0.8164522058823529,0.6503887269193391,0.8126750700280112,0.16228634310867207,-0.0037771358543416955,0.16606347896301377
ClinTox,classification,71,RandomForest,roc_auc,0.8439338235294117,0.7395529640427602,0.8789390756302521,0.13938611158749192,0.03500525210084038,0.10438085948665154
ClinTox,classification,71,XGBoost,roc_auc,0.8697610294117647,0.8624878522837706,0.8489145658263305,-0.013573286457440048,-0.020846463585434183,0.007273177127994135
ClinTox,classification,101,LogisticRegression,roc_auc,0.6666051660516605,0.6503887269193391,0.7575280112044818,0.10713928428514263,0.09092284515282123,0.016216439132321403
ClinTox,classification,101,RandomForest,roc_auc,0.916328413284133,0.7560738581146744,0.8988095238095238,0.1427356656948494,-0.01751888947460911,0.16025455516945852
ClinTox,classification,101,XGBoost,roc_auc,0.8819188191881918,0.8680758017492711,0.9255952380952381,0.05751943634596701,0.04367641890704632,0.01384301743892069
ClinTox,classification,123,LogisticRegression,roc_auc,0.6723048327137546,0.6503887269193391,0.8662464985994398,0.21585777168010067,0.19394166588568518,0.021916105794415497
ClinTox,classification,123,RandomForest,roc_auc,0.8681226765799256,0.7772108843537415,0.8980217086834733,0.12081082432973178,0.029899032103547718,0.09091179222618406
ClinTox,classification,123,XGBoost,roc_auc,0.812639405204461,0.8639455782312925,0.9497549019607843,0.0858093237294918,0.13711549675632329,-0.05130617302683149
ClinTox,classification,211,LogisticRegression,roc_auc,0.7693726937269373,0.6503887269193391,0.8319327731092437,0.1815440461899046,0.06256007938230645,0.11898396680759815
ClinTox,classification,211,RandomForest,roc_auc,0.8722324723247233,0.7196307094266278,0.7994572829131653,0.07982657348653754,-0.07277518941155803,0.15260176289809557
ClinTox,classification,211,XGBoost,roc_auc,0.8339483394833949,0.8391642371234208,0.8408613445378151,0.0016971074143943277,0.006913005054420274,-0.005215897640025946
ClinTox,classification,307,LogisticRegression,roc_auc,0.7175551470588235,0.6503887269193391,0.7879901960784312,0.1376014691590921,0.07043504901960773,0.06716642013948437
ClinTox,classification,307,RandomForest,roc_auc,0.8604779411764706,0.7482993197278911,0.8089110644257703,0.06061174469787922,-0.05156687675070026,0.11217862144857949
ClinTox,classification,307,XGBoost,roc_auc,0.8579963235294118,0.8522837706511176,0.8308823529411764,-0.021401417709941195,-0.027113970588235392,0.005712552878294197
ClinTox,classification,401,LogisticRegression,roc_auc,0.6943014705882353,0.6503887269193391,0.7398459383753503,0.08945721145601115,0.04554446778711496,0.04391274366889619
ClinTox,classification,401,RandomForest,roc_auc,0.830514705882353,0.7339650145772594,0.7936799719887955,0.059714957411536096,-0.036834733893557514,0.09654969130509361
ClinTox,classification,401,XGBoost,roc_auc,0.8080882352941177,0.8522837706511176,0.8475140056022409,-0.004769765048876717,0.03942577030812322,-0.04419553535699994
ClinTox,classification,503,LogisticRegression,roc_auc,0.7923914953435249,0.6503887269193391,0.7564775910364145,0.10608886411707541,-0.03591390430711039,0.1420027684241858
ClinTox,classification,503,RandomForest,roc_auc,0.8314883148831489,0.7682215743440233,0.8658963585434174,0.09767478419939413,0.034408043660268506,0.06326674053912562
ClinTox,classification,503,XGBoost,roc_auc,0.8312247408188368,0.8500971817298348,0.91859243697479,0.06849525524495514,0.08736769615595319,-0.018872440910998045
ClinTox,classification,601,LogisticRegression,roc_auc,0.7173992673992673,0.6503887269193391,0.8055847338935574,0.15519600697421831,0.08818546649429015,0.06701054047992816
ClinTox,classification,601,RandomForest,roc_auc,0.73489010989011,0.726433430515063,0.8511029411764706,0.12466951066140752,0.11621283128636051,0.008456679375047016
ClinTox,classification,601,XGBoost,roc_auc,0.8080586080586081,0.8666180758017493,0.8806022408963585,0.013984165094609202,0.07254363283775045,-0.05855946774314125
ClinTox,classification,701,LogisticRegression,roc_auc,0.6788602941176471,0.6503887269193391,0.7141981792717087,0.06380945235236957,0.035337885154061555,0.028471567198308012
ClinTox,classification,701,RandomForest,roc_auc,0.8494485294117647,0.7837706511175898,0.8226540616246498,0.03888341050706001,-0.026794467787114917,0.06567787829417493
ClinTox,classification,701,XGBoost,roc_auc,0.8352941176470589,0.8566569484936832,0.852328431372549,-0.0043285171211342455,0.017034313725490136,-0.02136283084662438
ClinTox,classification,809,LogisticRegression,roc_auc,0.5904937620804779,0.6503887269193391,0.6642156862745098,0.013826959355170643,0.0737219241940319,-0.05989496483886125
ClinTox,classification,809,RandomForest,roc_auc,0.7625197680548235,0.7475704567541303,0.7352065826330532,-0.01236387412107709,-0.027313185421770303,0.014949311300693213
ClinTox,classification,809,XGBoost,roc_auc,0.8367597961693902,0.8508260447035958,0.8287815126050421,-0.022044532098553726,-0.007978283564348154,-0.014066248534205572
ClinTox,classification,907,LogisticRegression,roc_auc,0.6418028465998946,0.6503887269193391,0.7617296918767507,0.11134096495741153,0.11992684527685604,-0.008585880319444517
ClinTox,classification,907,RandomForest,roc_auc,0.8075030750307504,0.7485422740524781,0.8291316526610644,0.08058937860858628,0.021628577630314005,0.058960800978272276
ClinTox,classification,907,XGBoost,roc_auc,0.8538921103496749,0.8551992225461612,0.8268557422969187,-0.028343480249242492,-0.02703636805275622,-0.0013071121964862709
ClinTox,classification,1009,LogisticRegression,roc_auc,0.6649267399267399,0.6503887269193391,0.7466736694677871,0.096284942548448,0.08174692954104723,0.014538013007400763
ClinTox,classification,1009,RandomForest,roc_auc,0.8193223443223443,0.7322643343051506,0.8117121848739495,0.07944785056879888,-0.0076101594483948265,0.08705801001719371
ClinTox,classification,1009,XGBoost,roc_auc,0.7916666666666667,0.8571428571428572,0.8133753501400561,-0.043767507002801076,0.02170868347338939,-0.06547619047619047
ClinTox,classification,1201,LogisticRegression,roc_auc,0.7600183823529412,0.6503887269193391,0.6659663865546218,0.015577659635282681,-0.09405199579831935,0.10962965543360204
ClinTox,classification,1201,RandomForest,roc_auc,0.8590073529411765,0.7636054421768708,0.8054971988795517,0.04189175670268097,-0.05351015406162474,0.09540191076430571
ClinTox,classification,1201,XGBoost,roc_auc,0.8260110294117647,0.8612730806608357,0.818627450980392,-0.04264562968044372,-0.007383578431372717,-0.035262051249071
ClinTox,classification,1429,LogisticRegression,roc_auc,0.6494485294117647,0.6503887269193391,0.6733193277310924,0.022930600811753243,0.023870798319327702,-0.0009401975075744584
ClinTox,classification,1429,RandomForest,roc_auc,0.8215992647058824,0.7781827016520892,0.8405112044817927,0.06232850282970348,0.018911939775910325,0.043416563053793156
ClinTox,classification,1429,XGBoost,roc_auc,0.8220588235294117,0.8610301263362488,0.8748249299719888,0.013794803635740038,0.052766106442577065,-0.03897130280683703
ClinTox,classification,2024,LogisticRegression,roc_auc,0.785110294117647,0.6503887269193391,0.7878151260504203,0.13742639913108112,0.002704831932773266,0.13472156719830786
ClinTox,classification,2024,RandomForest,roc_auc,0.8467830882352941,0.8015063168124392,0.8524159663865547,0.05090964957411548,0.0056328781512605675,0.04527677142285491
ClinTox,classification,2024,XGBoost,roc_auc,0.8627757352941177,0.858357628765792,0.8783263305322129,0.01996870176642085,0.01555059523809521,0.004418106528325638
ClinTox,classification,2026,LogisticRegression,roc_auc,0.724172794117647,0.6503887269193391,0.7533263305322129,0.10293760361287374,0.02915353641456586,0.07378406719830788
ClinTox,classification,2026,RandomForest,roc_auc,0.7720588235294117,0.7278911564625852,0.8991596638655461,0.17126850740296096,0.12710084033613445,0.04416766706682651
ClinTox,classification,2026,XGBoost,roc_auc,0.8017463235294117,0.8542274052478135,0.8615196078431372,0.007292202595323705,0.05977328431372553,-0.05248108171840182
ClinTox,classification,3407,LogisticRegression,roc_auc,0.7489852398523985,0.6503887269193391,0.6789215686274509,0.028532841708111767,-0.07006367122494761,0.09859651293305938
ClinTox,classification,3407,RandomForest,roc_auc,0.7999077490774907,0.7480563654033042,0.8236169467787114,0.07556058137540722,0.023709197701220708,0.05185138367418651
ClinTox,classification,3407,XGBoost,roc_auc,0.8297970479704797,0.8530126336248786,0.8588935574229691,0.005880923798090576,0.029096509452489427,-0.02321558565439885
ESOL,regression,7,RandomForest,rmse,2.260574009281145,2.189765277773098,1.1528768588452853,1.0368884189278125,1.1076971504358595,-0.07080873150804701
ESOL,regression,7,Ridge,rmse,2.3199288387506645,1.959992885502659,2.086868764631295,-0.12687587912863618,0.23306007411936935,-0.35993595324800554
ESOL,regression,7,XGBoost,rmse,1.9807873944562178,2.1446629149542336,1.08553406196912,1.0591288529851135,0.8952533324870977,0.1638755204980158
ESOL,regression,19,RandomForest,rmse,2.282303943462143,2.176229523550937,1.2513136156577935,0.9249159078931435,1.0309903278043493,-0.10607441991120581
ESOL,regression,19,Ridge,rmse,2.3199288387506645,1.959992885502659,1.8315934844161499,0.12839940108650905,0.4883353543345146,-0.35993595324800554
ESOL,regression,19,XGBoost,rmse,2.025063551398469,2.048482759881881,1.2820215039691873,0.7664612559126935,0.7430420474292816,0.023419208483411946
ESOL,regression,42,RandomForest,rmse,1.2609642101139962,2.211466291238794,1.1013256880372602,1.110140603201534,0.159638522076736,0.950502081124798
ESOL,regression,42,Ridge,rmse,2.930687854117226,1.959992885502659,2.129420506866584,-0.16942762136392497,0.8012673472506422,-0.9706949686145672
ESOL,regression,42,XGBoost,rmse,1.1474412155892617,2.1010630268693515,1.1282836925952222,0.9727793342741293,0.0191575229940395,0.9536218112800898
ESOL,regression,71,RandomForest,rmse,1.2858273442721537,2.1699297419846793,1.1217789096785222,1.048150832306157,0.1640484345936315,0.8841023977125255
ESOL,regression,71,Ridge,rmse,2.9340613412235217,1.959992885502659,2.077657775635827,-0.11766489013316805,0.8564035655876947,-0.9740684557208628
ESOL,regression,71,XGBoost,rmse,1.2448804139889798,2.145931694079251,1.1326597544863803,1.0132719395928707,0.1122206595025994,0.9010512800902712
ESOL,regression,101,RandomForest,rmse,1.2680423944528425,2.1517653576646776,1.1466872631020277,1.0050780945626498,0.12135513135081477,0.8837229632118351
ESOL,regression,101,Ridge,rmse,3.05667307208043,1.959992885502659,1.9718974577018693,-0.011904572199210373,1.0847756143785607,-1.096680186577771
ESOL,regression,101,XGBoost,rmse,1.1936678135747523,2.0473886357096185,1.1538550866015889,0.8935335491080296,0.039812726973163404,0.8537208221348662
ESOL,regression,123,RandomForest,rmse,1.3785152886241911,2.177734495816035,1.2675837055095664,0.9101507903064685,0.1109315831146247,0.7992192071918438
ESOL,regression,123,Ridge,rmse,2.893932895163783,1.959992885502659,2.1004762447250176,-0.14048335922235866,0.7934566504387655,-0.9339400096611241
ESOL,regression,123,XGBoost,rmse,1.217462773851734,2.104548909188129,1.2518215267327437,0.8527273824553854,-0.034358752881009647,0.887086135336395
ESOL,regression,211,RandomForest,rmse,1.2700380334891535,2.174824479550843,1.1848192346322366,0.9900052449186065,0.08521879885691686,0.9047864460616897
ESOL,regression,211,Ridge,rmse,2.9355344830676353,1.959992885502659,2.0695370541899325,-0.10954416868727357,0.8659974288777028,-0.9755415975649764
ESOL,regression,211,XGBoost,rmse,1.1677319110117375,2.1605960444545858,1.1463877559880011,1.0142082884665846,0.021344155023736322,0.9928641334428483
ESOL,regression,307,RandomForest,rmse,2.3096503072197003,2.145289733370361,1.2694606113822358,0.8758291219881251,1.0401896958374646,-0.16436057384933944
ESOL,regression,307,Ridge,rmse,2.3199288387506645,1.959992885502659,2.02978243113754,-0.06978954563488093,0.2901464076131246,-0.35993595324800554
ESOL,regression,307,XGBoost,rmse,2.017571006031077,2.135958309547513,1.2145969990756718,0.9213613104718412,0.8029740069554054,0.11838730351643578
ESOL,regression,401,RandomForest,rmse,2.283079758217458,2.162816150179004,1.0290330922992699,1.1337830578797343,1.2540466659181881,-0.12026360803845382
ESOL,regression,401,Ridge,rmse,2.3199288387506645,1.959992885502659,2.0746340965485914,-0.1146412110459325,0.24529474220207304,-0.35993595324800554
ESOL,regression,401,XGBoost,rmse,2.0431092925258345,2.0643005636540206,1.051951837781642,1.0123487258723787,0.9911574547441926,0.021191271128186084
ESOL,regression,503,RandomForest,rmse,2.2589202507061885,2.183252186142566,1.209853106154984,0.9733990799875822,1.0490671445512045,-0.0756680645636223
ESOL,regression,503,Ridge,rmse,2.3199288387506645,1.959992885502659,1.803281790702841,0.15671109479981804,0.5166470480478236,-0.35993595324800554
ESOL,regression,503,XGBoost,rmse,2.0105160288873694,2.09247674633794,1.2111158819277328,0.8813608644102071,0.7994001469596366,0.08196071745057054
ESOL,regression,601,RandomForest,rmse,2.2648246741206606,2.1629680407698997,1.1276606333928663,1.0353074073770334,1.1371640407277943,-0.1018566333507609
ESOL,regression,601,Ridge,rmse,2.3199288387506645,1.959992885502659,1.5686791614267785,0.3913137240758804,0.7512496773238859,-0.35993595324800554
ESOL,regression,601,XGBoost,rmse,1.9715503639567973,2.0113282230230354,1.1135538008614763,0.8977744221615591,0.857996563095321,0.0397778590662381
ESOL,regression,701,RandomForest,rmse,1.2465651792396615,2.1988149802611456,1.1775432726249297,1.0212717076362159,0.06902190661473173,0.9522498010214842
ESOL,regression,701,Ridge,rmse,2.949098798283503,1.959992885502659,2.164873613587975,-0.2048807280853162,0.7842251846955279,-0.9891059127808441
ESOL,regression,701,XGBoost,rmse,1.1851714955307255,2.1635287583887264,1.1535500613291068,1.0099786970596196,0.03162143420161878,0.9783572628580008
ESOL,regression,809,RandomForest,rmse,1.2783678510725078,2.177487722252199,1.1809770247967013,0.9965106974554978,0.09739082627580653,0.8991198711796913
ESOL,regression,809,Ridge,rmse,3.032729463583034,1.959992885502659,2.02884808563359,-0.06885520013093105,1.003881377949444,-1.072736578080375
ESOL,regression,809,XGBoost,rmse,1.1210211061614856,2.078155856366894,1.1751338882790667,0.9030219680878273,-0.05411278211758108,0.9571347502054084
ESOL,regression,907,RandomForest,rmse,1.319453129857922,2.145967555604993,1.2015273954490393,0.9444401601559536,0.11792573440888265,0.8265144257470709
ESOL,regression,907,Ridge,rmse,2.9908617629326693,1.959992885502659,1.9972355432588436,-0.03724265775618463,0.9936262196738257,-1.0308688774300103
ESOL,regression,907,XGBoost,rmse,1.1959090159543762,2.163913296079798,1.1778979956743911,0.9860153004054069,0.018011020279985024,0.9680042801254218
ESOL,regression,1009,RandomForest,rmse,1.2176600726408415,2.1923470844269,1.0641425904408808,1.1282044939860192,0.15351748219996075,0.9746870117860584
ESOL,regression,1009,Ridge,rmse,2.974952227067477,1.959992885502659,1.8812612949537333,0.07873159054892565,1.0936909321137436,-1.014959341564818
ESOL,regression,1009,XGBoost,rmse,1.1219856087222473,2.1478741758186435,1.0311537453628103,1.1167204304558331,0.09083186335943694,1.0258885670963962
ESOL,regression,1201,RandomForest,rmse,2.243827340630083,2.177658615355803,1.2398488563782908,0.9378097589775121,1.003978484251792,-0.06616872527427997
ESOL,regression,1201,Ridge,rmse,2.3199288387506645,1.959992885502659,1.9308965885373943,0.029096296965264612,0.38903225021327015,-0.35993595324800554
ESOL,regression,1201,XGBoost,rmse,2.040701854882787,2.101445924342534,1.2149444895164572,0.8865014348260769,0.8257573653663299,0.060744069459746974
ESOL,regression,1429,RandomForest,rmse,1.2359891726197,2.1787044778648315,1.2726095452714197,0.9060949325934118,-0.03662037265171958,0.9427153052451314
ESOL,regression,1429,Ridge,rmse,2.8766313412680984,1.959992885502659,1.9889670010615683,-0.028974115558909386,0.8876643402065301,-0.9166384557654395
ESOL,regression,1429,XGBoost,rmse,1.1642642062411237,2.1998450064142534,1.2153348205283223,0.9845101858859311,-0.05107061428719861,1.0355808001731297
ESOL,regression,2024,RandomForest,rmse,2.281451882018466,2.1300038333749196,1.1178280708132438,1.0121757625616759,1.1636238112052222,-0.15144804864354633
ESOL,regression,2024,Ridge,rmse,2.3199288387506645,1.959992885502659,2.1136944220646803,-0.15370153656202135,0.2062344166859842,-0.35993595324800554
ESOL,regression,2024,XGBoost,rmse,2.0132030587454532,2.2037595039475626,1.111330707509809,1.0924287964377537,0.9018723512356444,0.19055644520210935
ESOL,regression,2026,RandomForest,rmse,1.1878933688099802,2.166659676771195,1.0659032507104833,1.100756426060712,0.12199011809949689,0.978766307961215
ESOL,regression,2026,Ridge,rmse,3.013401412198227,1.959992885502659,1.9193877427839878,0.040605142718671106,1.0940136694142393,-1.0534085266955682
ESOL,regression,2026,XGBoost,rmse,1.1221731898132634,2.0287337439459807,1.044384319130675,0.9843494248153057,0.07778887068258844,0.9065605541327173
ESOL,regression,3407,RandomForest,rmse,1.2700517384094119,2.1838250503717944,1.1279193019541713,1.055905748417623,0.14213243645524054,0.9137733119623825
ESOL,regression,3407,Ridge,rmse,3.0189344058040417,1.959992885502659,1.9473040091384008,0.012688876364258084,1.0716303966656409,-1.0589415203013828
ESOL,regression,3407,XGBoost,rmse,1.194093177270862,2.091548527037695,1.1259964918235925,0.9655520352141023,0.06809668544726954,0.8974553497668327
FreeSolv,regression,7,RandomForest,rmse,1.923282566674788,2.9654815848915717,1.9210339365427593,1.0444476483488123,0.002248630132028584,1.0421990182167837
FreeSolv,regression,7,Ridge,rmse,2.9177849766415007,3.0083144855955637,2.3212330426520906,0.6870814429434731,0.5965519339894101,0.09052950895406298
FreeSolv,regression,7,XGBoost,rmse,1.9407737670496576,2.9741112700954826,1.5356361255810191,1.4384751445144635,0.4051376414686385,1.033337503045825
FreeSolv,regression,19,RandomForest,rmse,1.9452098077042819,2.9740125885359343,2.0687899179395965,0.9052226705963378,-0.12358011023531468,1.0288027808316524
FreeSolv,regression,19,Ridge,rmse,2.9177849766415007,3.0083144855955637,2.219698088524172,0.7886163970713915,0.6980868881173286,0.09052950895406298
FreeSolv,regression,19,XGBoost,rmse,1.962170379868754,2.8178822943611177,1.6462794523023665,1.1716028420587512,0.3158909275663875,0.8557119144923637
FreeSolv,regression,42,RandomForest,rmse,1.9280473319180091,2.9907262770031102,2.2926206543203955,0.6981056226827147,-0.3645733224023864,1.062678945085101
FreeSolv,regression,42,Ridge,rmse,2.9177849766415007,3.0083144855955637,2.3858554367734337,0.62245904882213,0.531929539868067,0.09052950895406298
FreeSolv,regression,42,XGBoost,rmse,1.9204053367164484,2.8418762615177227,1.961638531986555,0.8802377295311676,-0.041233195270106604,0.9214709248012742
FreeSolv,regression,71,RandomForest,rmse,1.9690269975395345,3.0015523162308586,1.504740152304782,1.4968121639260765,0.4642868452347524,1.0325253186913241
FreeSolv,regression,71,Ridge,rmse,2.9177849766415007,3.0083144855955637,1.946519064243393,1.0617954213521708,0.9712659123981078,0.09052950895406298
FreeSolv,regression,71,XGBoost,rmse,1.9330218901444918,2.8114220417933873,1.3544697267935975,1.4569523149997898,0.5785521633508943,0.8784001516488955
FreeSolv,regression,101,RandomForest,rmse,1.9562959499471493,2.9693926164858993,1.3211524830387757,1.6482401334471235,0.6351434669083735,1.01309666653875
FreeSolv,regression,101,Ridge,rmse,2.9177849766415007,3.0083144855955637,2.2108013604361263,0.7975131251594374,0.7069836162053744,0.09052950895406298
FreeSolv,regression,101,XGBoost,rmse,1.880014129252153,2.951319656759979,1.379716635879003,1.5716030208809761,0.5002974933731501,1.071305527507826
FreeSolv,regression,123,RandomForest,rmse,1.9343107206398669,3.01277719485456,2.612984969467357,0.3997922253872028,-0.6786742488274902,1.078466474214693
FreeSolv,regression,123,Ridge,rmse,2.9177849766415007,3.0083144855955637,2.755024949691882,0.25328953590368153,0.16276002694961855,0.09052950895406298
FreeSolv,regression,123,XGBoost,rmse,1.898461003889324,2.9324790700391707,2.161755555596076,0.7707235144430946,-0.2632945517067522,1.0340180661498468
FreeSolv,regression,211,RandomForest,rmse,1.9582871195718823,2.9715995387441008,2.390579718363801,0.5810198203802996,-0.43229259879191884,1.0133124191722185
FreeSolv,regression,211,Ridge,rmse,2.9177849766415007,3.0083144855955637,2.616431269358671,0.3918832162368928,0.30135370728282984,0.09052950895406298
FreeSolv,regression,211,XGBoost,rmse,1.9280589384830602,2.8073985920231794,1.8430290019820819,0.9643695900410976,0.08502993650097834,0.8793396535401192
FreeSolv,regression,307,RandomForest,rmse,1.9196326025979986,2.9877217032692074,1.8278296992562393,1.159892004012968,0.09180290334175933,1.0680891006712088
FreeSolv,regression,307,Ridge,rmse,2.9177849766415007,3.0083144855955637,2.100459248547293,0.9078552370482709,0.8173257280942079,0.09052950895406298
FreeSolv,regression,307,XGBoost,rmse,1.9543791346852282,2.866273686493544,1.5160166798376158,1.350257006655928,0.4383624548476124,0.9118945518083157
FreeSolv,regression,401,RandomForest,rmse,1.9578548515990777,2.9522727673360656,2.083576749890258,0.8686960174458074,-0.12572189829118052,0.9944179157369879
FreeSolv,regression,401,Ridge,rmse,2.9177849766415007,3.0083144855955637,2.1906991398539177,0.817615345741646,0.727085836787583,0.09052950895406298
FreeSolv,regression,401,XGBoost,rmse,1.8295017679585368,2.8359659884047015,1.8515751863917462,0.9843908020129553,-0.022073418433209424,1.0064642204461647
FreeSolv,regression,503,RandomForest,rmse,1.930641859231872,3.0034515085598184,1.6683254222269597,1.3351260863328587,0.26231643700491225,1.0728096493279464
FreeSolv,regression,503,Ridge,rmse,2.9177849766415007,3.0083144855955637,2.094060977098824,0.9142535084967398,0.8237239995426768,0.09052950895406298
FreeSolv,regression,503,XGBoost,rmse,1.88975142553648,2.9035408120890516,1.532152928303376,1.3713878837856757,0.3575984972331041,1.0137893865525716
FreeSolv,regression,601,RandomForest,rmse,1.9532193618766063,2.992197205139775,2.405133799637275,0.5870634055025001,-0.45191443776066853,1.0389778432631687
FreeSolv,regression,601,Ridge,rmse,2.9177849766415007,3.0083144855955637,2.815435302366544,0.19287918322901954,0.10234967427495656,0.09052950895406298
FreeSolv,regression,601,XGBoost,rmse,1.9301141287095342,2.9196253783920305,2.0265636533565874,0.8930617250354431,-0.09644952464705314,0.9895112496824963
FreeSolv,regression,701,RandomForest,rmse,1.9297591752093726,3.060222428540891,2.407498830256843,0.652723598284048,-0.4777396550474706,1.1304632533315186
FreeSolv,regression,701,Ridge,rmse,2.9177849766415007,3.0083144855955637,2.752555101725743,0.25575938386982067,0.1652298749157577,0.09052950895406298
FreeSolv,regression,701,XGBoost,rmse,1.941043926824678,2.8748958095296038,2.0371920706831896,0.8377037388464141,-0.09614814385851167,0.9338518827049258
FreeSolv,regression,809,RandomForest,rmse,1.915965674711443,3.0183069637686186,1.6479212001127101,1.3703857636559085,0.26804447459873293,1.1023412890571755
FreeSolv,regression,809,Ridge,rmse,2.9177849766415007,3.0083144855955637,1.8862215496509003,1.1220929359446634,1.0315634269906004,0.09052950895406298
FreeSolv,regression,809,XGBoost,rmse,1.8508711485166274,2.7787960378629206,1.5783171310835111,1.2004789067794095,0.27255401743311625,0.9279248893462932
FreeSolv,regression,907,RandomForest,rmse,1.971521785560346,2.9463747769061,2.241159957720912,0.7052148191851879,-0.26963817216056607,0.974852991345754
FreeSolv,regression,907,Ridge,rmse,2.9177849766415007,3.0083144855955637,2.418297220637748,0.5900172649578157,0.4994877560037527,0.09052950895406298
FreeSolv,regression,907,XGBoost,rmse,1.875179315286889,2.822765756683361,1.8510992047869956,0.9716665518963652,0.024080110499893337,0.9475864413964719
FreeSolv,regression,1009,RandomForest,rmse,1.9482332004948264,3.0160606070023706,2.44126021149946,0.5748003955029106,-0.49302701100463353,1.0678274065075442
FreeSolv,regression,1009,Ridge,rmse,2.9177849766415007,3.0083144855955637,2.0767096499438917,0.931604835651672,0.841075326697609,0.09052950895406298
FreeSolv,regression,1009,XGBoost,rmse,1.8343812463039324,2.8016277882871594,1.8370165829925595,0.9646112052945999,-0.0026353366886271434,0.967246541983227
FreeSolv,regression,1201,RandomForest,rmse,1.9508473250673841,3.0325674153015147,1.952674109346163,1.0798933059553517,-0.0018267842787789146,1.0817200902341306
FreeSolv,regression,1201,Ridge,rmse,2.9177849766415007,3.0083144855955637,2.161665293266757,0.8466491923288069,0.7561196833747439,0.09052950895406298
FreeSolv,regression,1201,XGBoost,rmse,1.9264837698086483,2.8315123918759264,1.6430168348497258,1.1884955570262006,0.2834669349589225,0.9050286220672781
FreeSolv,regression,1429,RandomForest,rmse,1.9458289299485627,3.042294674811778,2.0951799361520003,0.9471147386597778,-0.14935100620343755,1.0964657448632154
FreeSolv,regression,1429,Ridge,rmse,2.9177849766415007,3.0083144855955637,2.430206689500986,0.5781077960945775,0.48757828714051454,0.09052950895406298
FreeSolv,regression,1429,XGBoost,rmse,1.9259921979826502,2.7722940250990398,1.7020928398893544,1.0702011852096853,0.22389935809329575,0.8463018271163896
FreeSolv,regression,2024,RandomForest,rmse,1.9369536661400255,2.969710318085528,2.426774517984662,0.5429358001008664,-0.4898208518446363,1.0327566519455027
FreeSolv,regression,2024,Ridge,rmse,2.9177849766415007,3.0083144855955637,2.8416423557098662,0.16667212988569746,0.07614262093163449,0.09052950895406298
FreeSolv,regression,2024,XGBoost,rmse,1.933662668522123,2.8737368698693886,2.0184951204087507,0.8552417494606379,-0.08483245188662769,0.9400742013472656
FreeSolv,regression,2026,RandomForest,rmse,1.932311281556194,3.0130367832742615,2.1252188747688776,0.8878179085053839,-0.19290759321268358,1.0807255017180675
FreeSolv,regression,2026,Ridge,rmse,2.9177849766415007,3.0083144855955637,2.113884692165558,0.8944297934300058,0.8039002844759429,0.09052950895406298
FreeSolv,regression,2026,XGBoost,rmse,1.9488819996323623,2.845786600595811,1.678749711951967,1.1670368886438438,0.2701322876803953,0.8969046009634485
FreeSolv,regression,3407,RandomForest,rmse,1.9151538778196064,2.961582973502442,1.8042814601280144,1.1573015133744278,0.11087241769159206,1.0464290956828357
FreeSolv,regression,3407,Ridge,rmse,2.9177849766415007,3.0083144855955637,2.059298091521497,0.9490163940740666,0.8584868851200036,0.09052950895406298
FreeSolv,regression,3407,XGBoost,rmse,1.9595522769578793,2.963938073894812,1.4931762947232043,1.4707617791716074,0.4663759822346749,1.0043857969369325
HIV,classification,7,LogisticRegression,roc_auc,0.7167615748820129,0.7463729340999222,0.7887463670000414,0.04237343290011919,0.07198479211802855,-0.02961135921790936
HIV,classification,7,RandomForest,roc_auc,0.7718366352034234,0.8050067835524943,0.8526354920929786,0.04762870854048429,0.08079885688955524,-0.03317014834907095
HIV,classification,7,XGBoost,roc_auc,0.7592388500235215,0.8121171799396596,0.8351124949034434,0.02299531496378382,0.07587364487992188,-0.052878329916138056
HIV,classification,19,LogisticRegression,roc_auc,0.6653143297906328,0.7463729340999222,0.7949736505299327,0.048600716430010515,0.12965932073929998,-0.08105860430928946
HIV,classification,19,RandomForest,roc_auc,0.7312728699595616,0.8046507656401207,0.8495426726233695,0.04489190698324874,0.11826980266380782,-0.07337789568055908
HIV,classification,19,XGBoost,roc_auc,0.7135719477683469,0.817042845486803,0.8128062567181882,-0.0042365887686147685,0.09923430894984131,-0.10347089771845608
HIV,classification,42,LogisticRegression,roc_auc,0.6646495183439229,0.7463729340999222,0.7898829808805542,0.04351004678063197,0.12523346253663126,-0.08172341575599928
HIV,classification,42,RandomForest,roc_auc,0.7404500270174589,0.7917712661998825,0.8389845696980005,0.04721330349811803,0.09853454268054163,-0.051321239182423595
HIV,classification,42,XGBoost,roc_auc,0.7066877527064042,0.8071269994876757,0.817943367717375,0.010816368229699225,0.11125561501097081,-0.10043924678127159
HIV,classification,71,LogisticRegression,roc_auc,0.6640511096521015,0.7463729340999222,0.7853094890797417,0.038936554979819515,0.12125837942764028,-0.08232182444782077
HIV,classification,71,RandomForest,roc_auc,0.7536919424414416,0.802807347109163,0.8313239273247383,0.028516580215575238,0.0776319848832967,-0.04911540466772146
HIV,classification,71,XGBoost,roc_auc,0.743897242659854,0.8141036223221569,0.8277361695261891,0.013632547204032175,0.0838389268663351,-0.07020637966230292
HIV,classification,101,LogisticRegression,roc_auc,0.7100438671767588,0.7463729340999222,0.7866244551862779,0.04025152108635566,0.07658058800951906,-0.0363290669231634
HIV,classification,101,RandomForest,roc_auc,0.773803756669121,0.8069080757480883,0.8557313640456741,0.048823288297585754,0.08192760737655302,-0.03310431907896727
HIV,classification,101,XGBoost,roc_auc,0.7661163891980076,0.8101039354091955,0.8351120588344312,0.02500812342523573,0.06899566963642356,-0.043987546211187833
HIV,classification,123,LogisticRegression,roc_auc,0.7334120447840037,0.7463729340999222,0.7839022943771081,0.0375293602771859,0.05049024959310444,-0.012960889315918545
HIV,classification,123,RandomForest,roc_auc,0.7635831444085732,0.7983498889964137,0.8727618212858367,0.074411932289423,0.10917867687726346,-0.03476674458784046
HIV,classification,123,XGBoost,roc_auc,0.7663836761467548,0.8066089827517504,0.8497628874745717,0.043153904722821324,0.0833792113278169,-0.04022530660499557
HIV,classification,211,LogisticRegression,roc_auc,0.656990159915495,0.7463729340999222,0.7820409337981828,0.03566799969826062,0.12505077388268782,-0.0893827741844272
HIV,classification,211,RandomForest,roc_auc,0.7525376911388401,0.8001468188459423,0.8408481106219869,0.040701291776044646,0.08831041948314688,-0.04760912770710224
HIV,classification,211,XGBoost,roc_auc,0.7225099935416208,0.8072757158308191,0.8219961931175228,0.01472047728670367,0.09948619957590199,-0.08476572228919832
HIV,classification,307,LogisticRegression,roc_auc,0.6681370884773663,0.7463729340999222,0.7978301205948852,0.051457186494963,0.12969303211751892,-0.07823584562255592
HIV,classification,307,RandomForest,roc_auc,0.722656378600823,0.7999717747291322,0.810887553064148,0.01091577833501578,0.08823117446332496,-0.07731539612830918
HIV,classification,307,XGBoost,roc_auc,0.7065959362139917,0.807461670556536,0.8137978776521172,0.006336207095581248,0.10720194143812545,-0.1008657343425442
HIV,classification,401,LogisticRegression,roc_auc,0.6622963406581595,0.7463729340999222,0.7915463661279033,0.045173432027981075,0.12925002546974385,-0.08407659344176277
HIV,classification,401,RandomForest,roc_auc,0.7123037627391061,0.7896970645718296,0.8598519981772315,0.07015493360540181,0.14754823543812534,-0.07739330183272353
HIV,classification,401,XGBoost,roc_auc,0.713698346155618,0.809560539648204,0.8336571145749526,0.02409657492674866,0.11995876841933462,-0.09586219349258596
HIV,classification,503,LogisticRegression,roc_auc,0.6605879493992014,0.7463729340999222,0.7835000207132781,0.03712708661335584,0.12291207131407667,-0.08578498470072082
HIV,classification,503,RandomForest,roc_auc,0.7622936820516971,0.8027810193354963,0.8513534491968697,0.048572429861373445,0.08905976714517261,-0.04048733728379916
HIV,classification,503,XGBoost,roc_auc,0.7446531769470613,0.8097543215498756,0.8251513704558884,0.015397048906012789,0.08049819350882703,-0.06510114460281424
HIV,classification,601,LogisticRegression,roc_auc,0.6854981569600591,0.7463729340999222,0.7653124543490253,0.01893952024910306,0.07981429738896617,-0.06087477713986311
HIV,classification,601,RandomForest,roc_auc,0.7337172978187007,0.79372616269141,0.8322808807721911,0.038554718080781036,0.09856358295349044,-0.0600088648727094
HIV,classification,601,XGBoost,roc_auc,0.722530740323715,0.8036645414698014,0.8175565745034808,0.013892033033679474,0.09502583417976584,-0.08113380114608637
HIV,classification,701,LogisticRegression,roc_auc,0.7132217583886535,0.7463729340999222,0.7710905867962664,0.024717652696344183,0.05786882840761287,-0.03315117571126869
HIV,classification,701,RandomForest,roc_auc,0.775353586560029,0.7953992808485607,0.8413402145023472,0.045940933653786487,0.06598662794231824,-0.020045694288531757
HIV,classification,701,XGBoost,roc_auc,0.7532255156293661,0.8106312024439765,0.8131804039307261,0.0025492014867496415,0.059954888301359976,-0.057405686814610335
HIV,classification,809,LogisticRegression,roc_auc,0.6498523736915179,0.7463729340999222,0.755505698331818,0.009132764231895796,0.10565332464030008,-0.09652056040840429
HIV,classification,809,RandomForest,roc_auc,0.701902908099279,0.8004817271019524,0.8445928532649577,0.044111126163005276,0.14268994516567868,-0.0985788190026734
HIV,classification,809,XGBoost,roc_auc,0.7183940964163182,0.8081440579875144,0.8199048061346189,0.011760748147104483,0.10151070971830067,-0.08974996157119619
HIV,classification,907,LogisticRegression,roc_auc,0.6991907371923973,0.7463729340999222,0.7858044274086817,0.0394314933087595,0.0866136902162844,-0.0471821969075249
HIV,classification,907,RandomForest,roc_auc,0.7463277782587908,0.8100470104931594,0.8544174881116686,0.04437047761850921,0.1080897098528778,-0.0637192322343686
HIV,classification,907,XGBoost,roc_auc,0.7462861340219769,0.807925134247927,0.8348004875251556,0.026875353277228564,0.08851435350317871,-0.06163900022595015
HIV,classification,1009,LogisticRegression,roc_auc,0.6777423205110338,0.7463729340999222,0.7831182422930254,0.03674530819310318,0.10537592178199162,-0.06863061358888844
HIV,classification,1009,RandomForest,roc_auc,0.7651580984594719,0.7888031062029184,0.8606364863303265,0.07183338012740814,0.09547838787085461,-0.023645007743446467
HIV,classification,1009,XGBoost,roc_auc,0.7543646268786557,0.8053639874006187,0.8205966296226042,0.015232642221985504,0.06623200274394847,-0.050999360521962966
HIV,classification,1201,LogisticRegression,roc_auc,0.6848471310759877,0.7463729340999222,0.7862350455583101,0.03986211145838792,0.10138791448232243,-0.06152580302393451
HIV,classification,1201,RandomForest,roc_auc,0.7704076535761534,0.7964118327925466,0.8397976203713999,0.04338578757885336,0.06938996679524656,-0.026004179216393197
HIV,classification,1201,XGBoost,roc_auc,0.7549725464273944,0.808829766038595,0.8253002880235826,0.01647052198498755,0.07032774159618815,-0.0538572196112006
HIV,classification,1429,LogisticRegression,roc_auc,0.6489167160963522,0.7463729340999222,0.7957223810240208,0.049349446924098594,0.14680566492766867,-0.09745621800357007
HIV,classification,1429,RandomForest,roc_auc,0.7045660851638385,0.8130768391491624,0.819979155901213,0.006902316752050552,0.1154130707373745,-0.10851075398532395
HIV,classification,1429,XGBoost,roc_auc,0.6838561040545196,0.8106392668070814,0.8145531491813895,0.00391388237430812,0.13069704512686997,-0.12678316275256185
HIV,classification,2024,LogisticRegression,roc_auc,0.673372842260972,0.7463729340999222,0.7613466247168277,0.014973690616905455,0.08797378245585563,-0.07300009183895018
HIV,classification,2024,RandomForest,roc_auc,0.7419002519712679,0.796471129580084,0.8394313224010831,0.042960192820999055,0.09753107042981524,-0.05457087760881618
HIV,classification,2024,XGBoost,roc_auc,0.7076388975943639,0.8079763666723592,0.8147840477233927,0.006807681051033576,0.10714515012902881,-0.10033746907799523
HIV,classification,2026,LogisticRegression,roc_auc,0.6722515783748436,0.7463729340999222,0.7947427519879297,0.04836981788800743,0.12249117361308604,-0.07412135572507861
HIV,classification,2026,RandomForest,roc_auc,0.7229720744854214,0.8065634428189218,0.855584626823041,0.049021184004119256,0.1326125523376196,-0.08359136833350034
HIV,classification,2026,XGBoost,roc_auc,0.7376628110533954,0.8044278097189806,0.8320414788844482,0.02761366916546759,0.09437866783105286,-0.06676499866558527
HIV,classification,3407,LogisticRegression,roc_auc,0.6403633634893335,0.7463729340999222,0.7676251463556621,0.021252212255739922,0.1272617828663286,-0.10600957061058869
HIV,classification,3407,RandomForest,roc_auc,0.7286530941361262,0.7875849129997535,0.8389525186255977,0.05136760562584419,0.1102994244894715,-0.058931818863627305
HIV,classification,3407,XGBoost,roc_auc,0.7047587753028417,0.8053058765488321,0.8075671055701276,0.002261229021295441,0.10280833026728586,-0.10054710124599042
