dataset,task_type,seed,split,n_train,n_test,train_target_mean,test_target_mean,target_gap,abs_target_gap,objective,size_component,mean_component,target_test_n,actual_test_n
BBBP,classification,42,random,1580,395,0.7601265822784811,0.759493670886076,-0.0006329113924050667,0.0006329113924050667,,,,,395
BBBP,classification,42,ordinary_scaffold,1565,410,0.7335463258785943,0.8609756097560975,0.1274292838775033,0.1274292838775033,,,,,410
BBBP,classification,42,balanced_scaffold,1577,398,0.7603043753963221,0.7587939698492462,-0.0015104055470759326,0.0015104055470759326,0.010418813527700164,0.007594936708860759,0.002823876818839405,395.0,398
BBBP,classification,123,random,1580,395,0.7601265822784811,0.759493670886076,-0.0006329113924050667,0.0006329113924050667,,,,,395
BBBP,classification,123,ordinary_scaffold,1565,410,0.7335463258785943,0.8609756097560975,0.1274292838775033,0.1274292838775033,,,,,410
BBBP,classification,123,balanced_scaffold,1584,391,0.76010101010101,0.7595907928388747,-0.000510217262135404,0.000510217262135404,0.011084726331250098,0.010126582278481013,0.0009581440527690857,395.0,391
BBBP,classification,2024,random,1580,395,0.7601265822784811,0.759493670886076,-0.0006329113924050667,0.0006329113924050667,,,,,395
BBBP,classification,2024,ordinary_scaffold,1565,410,0.7335463258785943,0.8609756097560975,0.1274292838775033,0.1274292838775033,,,,,410
BBBP,classification,2024,balanced_scaffold,1580,395,0.760759493670886,0.7569620253164557,-0.003797468354430289,0.003797468354430289,0.007113309961379889,0.0,0.007113309961379889,395.0,395
BBBP,classification,2026,random,1580,395,0.7601265822784811,0.759493670886076,-0.0006329113924050667,0.0006329113924050667,,,,,395
BBBP,classification,2026,ordinary_scaffold,1565,410,0.7335463258785943,0.8609756097560975,0.1274292838775033,0.1274292838775033,,,,,410
BBBP,classification,2026,balanced_scaffold,1580,395,0.760759493670886,0.7569620253164557,-0.003797468354430289,0.003797468354430289,0.007113309961379889,0.0,0.007113309961379889,395.0,395
BBBP,classification,3407,random,1580,395,0.7601265822784811,0.759493670886076,-0.0006329113924050667,0.0006329113924050667,,,,,395
BBBP,classification,3407,ordinary_scaffold,1565,410,0.7335463258785943,0.8609756097560975,0.1274292838775033,0.1274292838775033,,,,,410
BBBP,classification,3407,balanced_scaffold,1580,395,0.759493670886076,0.7620253164556962,0.0025316455696201556,0.0025316455696201556,0.004742206640919839,0.0,0.004742206640919839,395.0,395
BBBP,classification,7,random,1580,395,0.7601265822784811,0.759493670886076,-0.0006329113924050667,0.0006329113924050667,,,,,395
BBBP,classification,7,ordinary_scaffold,1565,410,0.7335463258785943,0.8609756097560975,0.1274292838775033,0.1274292838775033,,,,,410
BBBP,classification,7,balanced_scaffold,1580,395,0.7601265822784811,0.759493670886076,-0.0006329113924050667,0.0006329113924050667,0.0011855516602298948,0.0,0.0011855516602298948,395.0,395
BBBP,classification,19,random,1580,395,0.7601265822784811,0.759493670886076,-0.0006329113924050667,0.0006329113924050667,,,,,395
BBBP,classification,19,ordinary_scaffold,1565,410,0.7335463258785943,0.8609756097560975,0.1274292838775033,0.1274292838775033,,,,,410
BBBP,classification,19,balanced_scaffold,1580,395,0.759493670886076,0.7620253164556962,0.0025316455696201556,0.0025316455696201556,0.004742206640919839,0.0,0.004742206640919839,395.0,395
BBBP,classification,71,random,1580,395,0.7601265822784811,0.759493670886076,-0.0006329113924050667,0.0006329113924050667,,,,,395
BBBP,classification,71,ordinary_scaffold,1565,410,0.7335463258785943,0.8609756097560975,0.1274292838775033,0.1274292838775033,,,,,410
BBBP,classification,71,balanced_scaffold,1586,389,0.7597730138713745,0.7609254498714653,0.0011524360000907397,0.0011524360000907397,0.017356781465082672,0.015189873417721518,0.0021669080473611527,395.0,389
BBBP,classification,101,random,1580,395,0.7601265822784811,0.759493670886076,-0.0006329113924050667,0.0006329113924050667,,,,,395
BBBP,classification,101,ordinary_scaffold,1565,410,0.7335463258785943,0.8609756097560975,0.1274292838775033,0.1274292838775033,,,,,410
BBBP,classification,101,balanced_scaffold,1581,394,0.7596457938013915,0.7614213197969543,0.0017755259955627434,0.0017755259955627434,0.005859615458489081,0.002531645569620253,0.003327969888868828,395.0,394
BBBP,classification,211,random,1580,395,0.7601265822784811,0.759493670886076,-0.0006329113924050667,0.0006329113924050667,,,,,395
BBBP,classification,211,ordinary_scaffold,1565,410,0.7335463258785943,0.8609756097560975,0.1274292838775033,0.1274292838775033,,,,,410
BBBP,classification,211,balanced_scaffold,1580,395,0.759493670886076,0.7620253164556962,0.0025316455696201556,0.0025316455696201556,0.004742206640919839,0.0,0.004742206640919839,395.0,395
BBBP,classification,307,random,1580,395,0.7601265822784811,0.759493670886076,-0.0006329113924050667,0.0006329113924050667,,,,,395
BBBP,classification,307,ordinary_scaffold,1565,410,0.7335463258785943,0.8609756097560975,0.1274292838775033,0.1274292838775033,,,,,410
BBBP,classification,307,balanced_scaffold,1578,397,0.7604562737642585,0.7581863979848866,-0.002269875779371877,0.002269875779371877,0.009309775927268409,0.005063291139240506,0.0042464847880279025,395.0,397
BBBP,classification,401,random,1580,395,0.7601265822784811,0.759493670886076,-0.0006329113924050667,0.0006329113924050667,,,,,395
BBBP,classification,401,ordinary_scaffold,1565,410,0.7335463258785943,0.8609756097560975,0.1274292838775033,0.1274292838775033,,,,,410
BBBP,classification,401,balanced_scaffold,1581,394,0.7602783048703352,0.7588832487309645,-0.0013950561393707428,0.0013950561393707428,0.005146479053731605,0.002531645569620253,0.0026148334841113517,395.0,394
BBBP,classification,503,random,1580,395,0.7601265822784811,0.759493670886076,-0.0006329113924050667,0.0006329113924050667,,,,,395
BBBP,classification,503,ordinary_scaffold,1565,410,0.7335463258785943,0.8609756097560975,0.1274292838775033,0.1274292838775033,,,,,410
BBBP,classification,503,balanced_scaffold,1579,396,0.759974667511083,0.76010101010101,0.00012634258992705316,0.00012634258992705316,0.0027681571382013608,0.002531645569620253,0.00023651156858110742,395.0,396
BBBP,classification,601,random,1580,395,0.7601265822784811,0.759493670886076,-0.0006329113924050667,0.0006329113924050667,,,,,395
BBBP,classification,601,ordinary_scaffold,1565,410,0.7335463258785943,0.8609756097560975,0.1274292838775033,0.1274292838775033,,,,,410
BBBP,classification,601,balanced_scaffold,1583,392,0.7599494630448516,0.7602040816326531,0.0002546185878015139,0.0002546185878015139,0.008072786612728975,0.007594936708860759,0.00047784990386821695,395.0,392
BBBP,classification,701,random,1580,395,0.7601265822784811,0.759493670886076,-0.0006329113924050667,0.0006329113924050667,,,,,395
BBBP,classification,701,ordinary_scaffold,1565,410,0.7335463258785943,0.8609756097560975,0.1274292838775033,0.1274292838775033,,,,,410
BBBP,classification,701,balanced_scaffold,1582,393,0.7591656131479141,0.7633587786259542,0.004193165478040162,0.004193165478040162,0.012927752152522003,0.005063291139240506,0.007864461013281497,395.0,393
BBBP,classification,809,random,1580,395,0.7601265822784811,0.759493670886076,-0.0006329113924050667,0.0006329113924050667,,,,,395
BBBP,classification,809,ordinary_scaffold,1565,410,0.7335463258785943,0.8609756097560975,0.1274292838775033,0.1274292838775033,,,,,410
BBBP,classification,809,balanced_scaffold,1579,396,0.759341355288157,0.7626262626262627,0.0032849073381056026,0.0032849073381056026,0.008680946352732425,0.002531645569620253,0.006149300783112172,395.0,396
BBBP,classification,907,random,1580,395,0.7601265822784811,0.759493670886076,-0.0006329113924050667,0.0006329113924050667,,,,,395
BBBP,classification,907,ordinary_scaffold,1565,410,0.7335463258785943,0.8609756097560975,0.1274292838775033,0.1274292838775033,,,,,410
BBBP,classification,907,balanced_scaffold,1580,395,0.7588607594936709,0.7645569620253164,0.005696202531645489,0.005696202531645489,0.010669964942069832,0.0,0.010669964942069832,395.0,395
BBBP,classification,1009,random,1580,395,0.7601265822784811,0.759493670886076,-0.0006329113924050667,0.0006329113924050667,,,,,395
BBBP,classification,1009,ordinary_scaffold,1565,410,0.7335463258785943,0.8609756097560975,0.1274292838775033,0.1274292838775033,,,,,410
BBBP,classification,1009,balanced_scaffold,1584,391,0.76010101010101,0.7595907928388747,-0.000510217262135404,0.000510217262135404,0.011084726331250098,0.010126582278481013,0.0009581440527690857,395.0,391
BBBP,classification,1201,random,1580,395,0.7601265822784811,0.759493670886076,-0.0006329113924050667,0.0006329113924050667,,,,,395
BBBP,classification,1201,ordinary_scaffold,1565,410,0.7335463258785943,0.8609756097560975,0.1274292838775033,0.1274292838775033,,,,,410
BBBP,classification,1201,balanced_scaffold,1578,397,0.7610899873257287,0.7556675062972292,-0.005422481028499515,0.005422481028499515,0.015207671466195876,0.005063291139240506,0.01014438032695537,395.0,397
BBBP,classification,1429,random,1580,395,0.7601265822784811,0.759493670886076,-0.0006329113924050667,0.0006329113924050667,,,,,395
BBBP,classification,1429,ordinary_scaffold,1565,410,0.7335463258785943,0.8609756097560975,0.1274292838775033,0.1274292838775033,,,,,410
BBBP,classification,1429,balanced_scaffold,1581,394,0.7590132827324478,0.7639593908629442,0.004946108130496341,0.004946108130496341,0.01180241883146952,0.002531645569620253,0.009270773261849267,395.0,394
BACE,classification,42,random,1210,303,0.4570247933884298,0.45544554455445546,-0.0015792488339743116,0.0015792488339743116,,,,,303
BACE,classification,42,ordinary_scaffold,1207,306,0.41922120961060483,0.6045751633986928,0.18535395378808794,0.18535395378808794,,,,,306
BACE,classification,42,balanced_scaffold,1213,300,0.45671887881286066,0.45666666666666667,-5.221214619399728e-05,5.221214619399728e-05,0.00998502455903076,0.009900990099009901,8.403446002085862e-05,303.0,300
BACE,classification,123,random,1210,303,0.4570247933884298,0.45544554455445546,-0.0015792488339743116,0.0015792488339743116,,,,,303
BACE,classification,123,ordinary_scaffold,1207,306,0.41922120961060483,0.6045751633986928,0.18535395378808794,0.18535395378808794,,,,,306
BACE,classification,123,balanced_scaffold,1211,302,0.45664739884393063,0.45695364238410596,0.00030624354017533273,0.00030624354017533273,0.003792410523889048,0.0033003300330033004,0.0004920804908857478,303.0,302
BACE,classification,2024,random,1210,303,0.4570247933884298,0.45544554455445546,-0.0015792488339743116,0.0015792488339743116,,,,,303
BACE,classification,2024,ordinary_scaffold,1207,306,0.41922120961060483,0.6045751633986928,0.18535395378808794,0.18535395378808794,,,,,306
BACE,classification,2024,balanced_scaffold,1210,303,0.456198347107438,0.45874587458745875,0.0025475274800207393,0.0025475274800207393,0.004090056574232364,0.0,0.004090056574232364,303.0,303
BACE,classification,2026,random,1210,303,0.4570247933884298,0.45544554455445546,-0.0015792488339743116,0.0015792488339743116,,,,,303
BACE,classification,2026,ordinary_scaffold,1207,306,0.41922120961060483,0.6045751633986928,0.18535395378808794,0.18535395378808794,,,,,306
BACE,classification,2026,balanced_scaffold,1213,300,0.45671887881286066,0.45666666666666667,-5.221214619399728e-05,5.221214619399728e-05,0.00998502455903076,0.009900990099009901,8.403446002085862e-05,303.0,300
BACE,classification,3407,random,1210,303,0.4570247933884298,0.45544554455445546,-0.0015792488339743116,0.0015792488339743116,,,,,303
BACE,classification,3407,ordinary_scaffold,1207,306,0.41922120961060483,0.6045751633986928,0.18535395378808794,0.18535395378808794,,,,,306
BACE,classification,3407,balanced_scaffold,1211,302,0.45664739884393063,0.45695364238410596,0.00030624354017533273,0.00030624354017533273,0.003792410523889048,0.0033003300330033004,0.0004920804908857478,303.0,302
BACE,classification,7,random,1210,303,0.4570247933884298,0.45544554455445546,-0.0015792488339743116,0.0015792488339743116,,,,,303
BACE,classification,7,ordinary_scaffold,1207,306,0.41922120961060483,0.6045751633986928,0.18535395378808794,0.18535395378808794,,,,,306
BACE,classification,7,balanced_scaffold,1210,303,0.4570247933884298,0.45544554455445546,-0.0015792488339743116,0.0015792488339743116,0.0025354847499790634,0.0,0.0025354847499790634,303.0,303
BACE,classification,19,random,1210,303,0.4570247933884298,0.45544554455445546,-0.0015792488339743116,0.0015792488339743116,,,,,303
BACE,classification,19,ordinary_scaffold,1207,306,0.41922120961060483,0.6045751633986928,0.18535395378808794,0.18535395378808794,,,,,306
BACE,classification,19,balanced_scaffold,1210,303,0.456198347107438,0.45874587458745875,0.0025475274800207393,0.0025475274800207393,0.004090056574232364,0.0,0.004090056574232364,303.0,303
BACE,classification,71,random,1210,303,0.4570247933884298,0.45544554455445546,-0.0015792488339743116,0.0015792488339743116,,,,,303
BACE,classification,71,ordinary_scaffold,1207,306,0.41922120961060483,0.6045751633986928,0.18535395378808794,0.18535395378808794,,,,,306
BACE,classification,71,balanced_scaffold,1211,302,0.45747316267547483,0.45364238410596025,-0.0038307785695145813,0.0038307785695145813,0.009455729744886038,0.0033003300330033004,0.0061553997118827366,303.0,302
BACE,classification,101,random,1210,303,0.4570247933884298,0.45544554455445546,-0.0015792488339743116,0.0015792488339743116,,,,,303
BACE,classification,101,ordinary_scaffold,1207,306,0.41922120961060483,0.6045751633986928,0.18535395378808794,0.18535395378808794,,,,,306
BACE,classification,101,balanced_scaffold,1210,303,0.4570247933884298,0.45544554455445546,-0.0015792488339743116,0.0015792488339743116,0.0025354847499790634,0.0,0.0025354847499790634,303.0,303
BACE,classification,211,random,1210,303,0.4570247933884298,0.45544554455445546,-0.0015792488339743116,0.0015792488339743116,,,,,303
BACE,classification,211,ordinary_scaffold,1207,306,0.41922120961060483,0.6045751633986928,0.18535395378808794,0.18535395378808794,,,,,306
BACE,classification,211,balanced_scaffold,1210,303,0.4570247933884298,0.45544554455445546,-0.0015792488339743116,0.0015792488339743116,0.0025354847499790634,0.0,0.0025354847499790634,303.0,303
BACE,classification,307,random,1210,303,0.4570247933884298,0.45544554455445546,-0.0015792488339743116,0.0015792488339743116,,,,,303
BACE,classification,307,ordinary_scaffold,1207,306,0.41922120961060483,0.6045751633986928,0.18535395378808794,0.18535395378808794,,,,,306
BACE,classification,307,balanced_scaffold,1214,299,0.45634266886326197,0.45819397993311034,0.0018513110698483715,0.0018513110698483715,0.016183426652029546,0.013201320132013201,0.002982106520016345,303.0,299
BACE,classification,401,random,1210,303,0.4570247933884298,0.45544554455445546,-0.0015792488339743116,0.0015792488339743116,,,,,303
BACE,classification,401,ordinary_scaffold,1207,306,0.41922120961060483,0.6045751633986928,0.18535395378808794,0.18535395378808794,,,,,306
BACE,classification,401,balanced_scaffold,1210,303,0.4570247933884298,0.45544554455445546,-0.0015792488339743116,0.0015792488339743116,0.0025354847499790634,0.0,0.0025354847499790634,303.0,303
BACE,classification,503,random,1210,303,0.4570247933884298,0.45544554455445546,-0.0015792488339743116,0.0015792488339743116,,,,,303
BACE,classification,503,ordinary_scaffold,1207,306,0.41922120961060483,0.6045751633986928,0.18535395378808794,0.18535395378808794,,,,,306
BACE,classification,503,balanced_scaffold,1210,303,0.4578512396694215,0.4521452145214521,-0.0057060251479693624,0.0057060251479693624,0.009161026074190603,0.0,0.009161026074190603,303.0,303
BACE,classification,601,random,1210,303,0.4570247933884298,0.45544554455445546,-0.0015792488339743116,0.0015792488339743116,,,,,303
BACE,classification,601,ordinary_scaffold,1207,306,0.41922120961060483,0.6045751633986928,0.18535395378808794,0.18535395378808794,,,,,306
BACE,classification,601,balanced_scaffold,1212,301,0.45627062706270627,0.4584717607973422,0.0022011337346359294,0.0022011337346359294,0.01014042251032108,0.006600660066006601,0.0035397624443144794,303.0,301
BACE,classification,701,random,1210,303,0.4570247933884298,0.45544554455445546,-0.0015792488339743116,0.0015792488339743116,,,,,303
BACE,classification,701,ordinary_scaffold,1207,306,0.41922120961060483,0.6045751633986928,0.18535395378808794,0.18535395378808794,,,,,306
BACE,classification,701,balanced_scaffold,1210,303,0.4578512396694215,0.4521452145214521,-0.0057060251479693624,0.0057060251479693624,0.009161026074190603,0.0,0.009161026074190603,303.0,303
BACE,classification,809,random,1210,303,0.4570247933884298,0.45544554455445546,-0.0015792488339743116,0.0015792488339743116,,,,,303
BACE,classification,809,ordinary_scaffold,1207,306,0.41922120961060483,0.6045751633986928,0.18535395378808794,0.18535395378808794,,,,,306
BACE,classification,809,balanced_scaffold,1212,301,0.4570957095709571,0.45514950166112955,-0.0019462079098275242,0.0019462079098275242,0.009730462476297056,0.006600660066006601,0.003129802410290455,303.0,301
BACE,classification,907,random,1210,303,0.4570247933884298,0.45544554455445546,-0.0015792488339743116,0.0015792488339743116,,,,,303
BACE,classification,907,ordinary_scaffold,1207,306,0.41922120961060483,0.6045751633986928,0.18535395378808794,0.18535395378808794,,,,,306
BACE,classification,907,balanced_scaffold,1210,303,0.4553719008264463,0.46204620462046203,0.006674303794015735,0.006674303794015735,0.010715597898443792,0.0,0.010715597898443792,303.0,303
BACE,classification,1009,random,1210,303,0.4570247933884298,0.45544554455445546,-0.0015792488339743116,0.0015792488339743116,,,,,303
BACE,classification,1009,ordinary_scaffold,1207,306,0.41922120961060483,0.6045751633986928,0.18535395378808794,0.18535395378808794,,,,,306
BACE,classification,1009,balanced_scaffold,1211,302,0.45747316267547483,0.45364238410596025,-0.0038307785695145813,0.0038307785695145813,0.009455729744886038,0.0033003300330033004,0.0061553997118827366,303.0,302
BACE,classification,1201,random,1210,303,0.4570247933884298,0.45544554455445546,-0.0015792488339743116,0.0015792488339743116,,,,,303
BACE,classification,1201,ordinary_scaffold,1207,306,0.41922120961060483,0.6045751633986928,0.18535395378808794,0.18535395378808794,,,,,306
BACE,classification,1201,balanced_scaffold,1211,302,0.45664739884393063,0.45695364238410596,0.00030624354017533273,0.00030624354017533273,0.003792410523889048,0.0033003300330033004,0.0004920804908857478,303.0,302
BACE,classification,1429,random,1210,303,0.4570247933884298,0.45544554455445546,-0.0015792488339743116,0.0015792488339743116,,,,,303
BACE,classification,1429,ordinary_scaffold,1207,306,0.41922120961060483,0.6045751633986928,0.18535395378808794,0.18535395378808794,,,,,306
BACE,classification,1429,balanced_scaffold,1210,303,0.4553719008264463,0.46204620462046203,0.006674303794015735,0.006674303794015735,0.010715597898443792,0.0,0.010715597898443792,303.0,303
ClinTox,classification,42,random,1168,293,0.0702054794520548,0.07167235494880546,0.0014668754967506609,0.0014668754967506609,,,,,293
ClinTox,classification,42,ordinary_scaffold,1160,301,0.08275862068965517,0.023255813953488372,-0.0595028067361668,0.0595028067361668,,,,,301
ClinTox,classification,42,balanced_scaffold,1171,290,0.07087959009393681,0.06896551724137931,-0.0019140728525574996,0.0019140728525574996,0.0128423507224012,0.00684931506849315,0.00599303565390805,292.0,290
ClinTox,classification,123,random,1168,293,0.0702054794520548,0.07167235494880546,0.0014668754967506609,0.0014668754967506609,,,,,293
ClinTox,classification,123,ordinary_scaffold,1160,301,0.08275862068965517,0.023255813953488372,-0.0595028067361668,0.0595028067361668,,,,,301
ClinTox,classification,123,balanced_scaffold,1172,289,0.07081911262798635,0.06920415224913495,-0.0016149603788513933,0.0016149603788513933,0.015334793714155373,0.010273972602739725,0.005060821111415647,292.0,289
ClinTox,classification,2024,random,1168,293,0.0702054794520548,0.07167235494880546,0.0014668754967506609,0.0014668754967506609,,,,,293
ClinTox,classification,2024,ordinary_scaffold,1160,301,0.08275862068965517,0.023255813953488372,-0.0595028067361668,0.0595028067361668,,,,,301
ClinTox,classification,2024,balanced_scaffold,1169,292,0.07100085543199315,0.0684931506849315,-0.002507704747061648,0.002507704747061648,0.007838309645553931,0.0,0.007838309645553931,292.0,292
ClinTox,classification,2026,random,1168,293,0.0702054794520548,0.07167235494880546,0.0014668754967506609,0.0014668754967506609,,,,,293
ClinTox,classification,2026,ordinary_scaffold,1160,301,0.08275862068965517,0.023255813953488372,-0.0595028067361668,0.0595028067361668,,,,,301
ClinTox,classification,2026,balanced_scaffold,1169,292,0.07100085543199315,0.0684931506849315,-0.002507704747061648,0.002507704747061648,0.007838309645553931,0.0,0.007838309645553931,292.0,292
ClinTox,classification,3407,random,1168,293,0.0702054794520548,0.07167235494880546,0.0014668754967506609,0.0014668754967506609,,,,,293
ClinTox,classification,3407,ordinary_scaffold,1160,301,0.08275862068965517,0.023255813953488372,-0.0595028067361668,0.0595028067361668,,,,,301
ClinTox,classification,3407,balanced_scaffold,1170,291,0.07094017094017094,0.06872852233676977,-0.002211648603401173,0.002211648603401173,0.010343500757846342,0.003424657534246575,0.006918843223599766,292.0,291
ClinTox,classification,7,random,1168,293,0.0702054794520548,0.07167235494880546,0.0014668754967506609,0.0014668754967506609,,,,,293
ClinTox,classification,7,ordinary_scaffold,1160,301,0.08275862068965517,0.023255813953488372,-0.0595028067361668,0.0595028067361668,,,,,301
ClinTox,classification,7,balanced_scaffold,1169,292,0.07014542343883662,0.07191780821917808,0.00177238478034146,0.00177238478034146,0.005539926793878633,0.0,0.005539926793878633,292.0,292
ClinTox,classification,19,random,1168,293,0.0702054794520548,0.07167235494880546,0.0014668754967506609,0.0014668754967506609,,,,,293
ClinTox,classification,19,ordinary_scaffold,1160,301,0.08275862068965517,0.023255813953488372,-0.0595028067361668,0.0595028067361668,,,,,301
ClinTox,classification,19,balanced_scaffold,1169,292,0.07100085543199315,0.0684931506849315,-0.002507704747061648,0.002507704747061648,0.007838309645553931,0.0,0.007838309645553931,292.0,292
ClinTox,classification,71,random,1168,293,0.0702054794520548,0.07167235494880546,0.0014668754967506609,0.0014668754967506609,,,,,293
ClinTox,classification,71,ordinary_scaffold,1160,301,0.08275862068965517,0.023255813953488372,-0.0595028067361668,0.0595028067361668,,,,,301
ClinTox,classification,71,balanced_scaffold,1169,292,0.07100085543199315,0.0684931506849315,-0.002507704747061648,0.002507704747061648,0.007838309645553931,0.0,0.007838309645553931,292.0,292
ClinTox,classification,101,random,1168,293,0.0702054794520548,0.07167235494880546,0.0014668754967506609,0.0014668754967506609,,,,,293
ClinTox,classification,101,ordinary_scaffold,1160,301,0.08275862068965517,0.023255813953488372,-0.0595028067361668,0.0595028067361668,,,,,301
ClinTox,classification,101,balanced_scaffold,1170,291,0.07094017094017094,0.06872852233676977,-0.002211648603401173,0.002211648603401173,0.010343500757846342,0.003424657534246575,0.006918843223599766,292.0,291
ClinTox,classification,211,random,1168,293,0.0702054794520548,0.07167235494880546,0.0014668754967506609,0.0014668754967506609,,,,,293
ClinTox,classification,211,ordinary_scaffold,1160,301,0.08275862068965517,0.023255813953488372,-0.0595028067361668,0.0595028067361668,,,,,301
ClinTox,classification,211,balanced_scaffold,1170,291,0.07094017094017094,0.06872852233676977,-0.002211648603401173,0.002211648603401173,0.010343500757846342,0.003424657534246575,0.006918843223599766,292.0,291
ClinTox,classification,307,random,1168,293,0.0702054794520548,0.07167235494880546,0.0014668754967506609,0.0014668754967506609,,,,,293
ClinTox,classification,307,ordinary_scaffold,1160,301,0.08275862068965517,0.023255813953488372,-0.0595028067361668,0.0595028067361668,,,,,301
ClinTox,classification,307,balanced_scaffold,1169,292,0.07100085543199315,0.0684931506849315,-0.002507704747061648,0.002507704747061648,0.007838309645553931,0.0,0.007838309645553931,292.0,292
ClinTox,classification,401,random,1168,293,0.0702054794520548,0.07167235494880546,0.0014668754967506609,0.0014668754967506609,,,,,293
ClinTox,classification,401,ordinary_scaffold,1160,301,0.08275862068965517,0.023255813953488372,-0.0595028067361668,0.0595028067361668,,,,,301
ClinTox,classification,401,balanced_scaffold,1169,292,0.07100085543199315,0.0684931506849315,-0.002507704747061648,0.002507704747061648,0.007838309645553931,0.0,0.007838309645553931,292.0,292
ClinTox,classification,503,random,1168,293,0.0702054794520548,0.07167235494880546,0.0014668754967506609,0.0014668754967506609,,,,,293
ClinTox,classification,503,ordinary_scaffold,1160,301,0.08275862068965517,0.023255813953488372,-0.0595028067361668,0.0595028067361668,,,,,301
ClinTox,classification,503,balanced_scaffold,1169,292,0.07014542343883662,0.07191780821917808,0.00177238478034146,0.00177238478034146,0.005539926793878633,0.0,0.005539926793878633,292.0,292
ClinTox,classification,601,random,1168,293,0.0702054794520548,0.07167235494880546,0.0014668754967506609,0.0014668754967506609,,,,,293
ClinTox,classification,601,ordinary_scaffold,1160,301,0.08275862068965517,0.023255813953488372,-0.0595028067361668,0.0595028067361668,,,,,301
ClinTox,classification,601,balanced_scaffold,1168,293,0.07106164383561644,0.06825938566552901,-0.002802258170087432,0.002802258170087432,0.012176157380444344,0.003424657534246575,0.00875149984619777,292.0,293
ClinTox,classification,701,random,1168,293,0.0702054794520548,0.07167235494880546,0.0014668754967506609,0.0014668754967506609,,,,,293
ClinTox,classification,701,ordinary_scaffold,1160,301,0.08275862068965517,0.023255813953488372,-0.0595028067361668,0.0595028067361668,,,,,301
ClinTox,classification,701,balanced_scaffold,1169,292,0.07100085543199315,0.0684931506849315,-0.002507704747061648,0.002507704747061648,0.007838309645553931,0.0,0.007838309645553931,292.0,292
ClinTox,classification,809,random,1168,293,0.0702054794520548,0.07167235494880546,0.0014668754967506609,0.0014668754967506609,,,,,293
ClinTox,classification,809,ordinary_scaffold,1160,301,0.08275862068965517,0.023255813953488372,-0.0595028067361668,0.0595028067361668,,,,,301
ClinTox,classification,809,balanced_scaffold,1169,292,0.07014542343883662,0.07191780821917808,0.00177238478034146,0.00177238478034146,0.005539926793878633,0.0,0.005539926793878633,292.0,292
ClinTox,classification,907,random,1168,293,0.0702054794520548,0.07167235494880546,0.0014668754967506609,0.0014668754967506609,,,,,293
ClinTox,classification,907,ordinary_scaffold,1160,301,0.08275862068965517,0.023255813953488372,-0.0595028067361668,0.0595028067361668,,,,,301
ClinTox,classification,907,balanced_scaffold,1169,292,0.07014542343883662,0.07191780821917808,0.00177238478034146,0.00177238478034146,0.005539926793878633,0.0,0.005539926793878633,292.0,292
ClinTox,classification,1009,random,1168,293,0.0702054794520548,0.07167235494880546,0.0014668754967506609,0.0014668754967506609,,,,,293
ClinTox,classification,1009,ordinary_scaffold,1160,301,0.08275862068965517,0.023255813953488372,-0.0595028067361668,0.0595028067361668,,,,,301
ClinTox,classification,1009,balanced_scaffold,1168,293,0.07106164383561644,0.06825938566552901,-0.002802258170087432,0.002802258170087432,0.012176157380444344,0.003424657534246575,0.00875149984619777,292.0,293
ClinTox,classification,1201,random,1168,293,0.0702054794520548,0.07167235494880546,0.0014668754967506609,0.0014668754967506609,,,,,293
ClinTox,classification,1201,ordinary_scaffold,1160,301,0.08275862068965517,0.023255813953488372,-0.0595028067361668,0.0595028067361668,,,,,301
ClinTox,classification,1201,balanced_scaffold,1169,292,0.07100085543199315,0.0684931506849315,-0.002507704747061648,0.002507704747061648,0.007838309645553931,0.0,0.007838309645553931,292.0,292
ClinTox,classification,1429,random,1168,293,0.0702054794520548,0.07167235494880546,0.0014668754967506609,0.0014668754967506609,,,,,293
ClinTox,classification,1429,ordinary_scaffold,1160,301,0.08275862068965517,0.023255813953488372,-0.0595028067361668,0.0595028067361668,,,,,301
ClinTox,classification,1429,balanced_scaffold,1169,292,0.07100085543199315,0.0684931506849315,-0.002507704747061648,0.002507704747061648,0.007838309645553931,0.0,0.007838309645553931,292.0,292
HIV,classification,42,random,32896,8224,0.03508025291828794,0.03514105058365759,6.079766536964959e-05,6.079766536964959e-05,,,,,8224
HIV,classification,42,ordinary_scaffold,32871,8249,0.035867481974993155,0.03200387925809189,-0.0038636027169012682,0.0038636027169012682,,,,,8249
HIV,classification,42,balanced_scaffold,33173,7947,0.03505863202001628,0.03523342141688687,0.00017478939687059353,0.00017478939687059353,0.03444820384044419,0.03368190661478599,0.0007662972256581968,8224.0,7947
HIV,classification,123,random,32896,8224,0.03508025291828794,0.03514105058365759,6.079766536964959e-05,6.079766536964959e-05,,,,,8224
HIV,classification,123,ordinary_scaffold,32871,8249,0.035867481974993155,0.03200387925809189,-0.0038636027169012682,0.0038636027169012682,,,,,8249
HIV,classification,123,balanced_scaffold,33182,7938,0.035139533482008316,0.03489543965734442,-0.0002440938246638935,0.0002440938246638935,0.035846690893935655,0.03477626459143969,0.0010704263024959634,8224.0,7938
HIV,classification,2024,random,32896,8224,0.03508025291828794,0.03514105058365759,6.079766536964959e-05,6.079766536964959e-05,,,,,8224
HIV,classification,2024,ordinary_scaffold,32871,8249,0.035867481974993155,0.03200387925809189,-0.0038636027169012682,0.0038636027169012682,,,,,8249
HIV,classification,2024,balanced_scaffold,32935,8185,0.03649612873842417,0.029444105070250456,-0.007052023668173715,0.007052023668173715,0.03543730356019691,0.0047422178988326845,0.030695085661364228,8224.0,8185
HIV,classification,2026,random,32896,8224,0.03508025291828794,0.03514105058365759,6.079766536964959e-05,6.079766536964959e-05,,,,,8224
HIV,classification,2026,ordinary_scaffold,32871,8249,0.035867481974993155,0.03200387925809189,-0.0038636027169012682,0.0038636027169012682,,,,,8249
HIV,classification,2026,balanced_scaffold,32922,8198,0.03651054006439463,0.029397414003415466,-0.0071131260609791636,0.0071131260609791636,0.03411030156619252,0.00316147859922179,0.030948822966970727,8224.0,8198
HIV,classification,3407,random,32896,8224,0.03508025291828794,0.03514105058365759,6.079766536964959e-05,6.079766536964959e-05,,,,,8224
HIV,classification,3407,ordinary_scaffold,32871,8249,0.035867481974993155,0.03200387925809189,-0.0038636027169012682,0.0038636027169012682,,,,,8249
HIV,classification,3407,balanced_scaffold,33151,7969,0.035112062984525357,0.035010666332036644,-0.00010139665248871249,0.00010139665248871249,0.031451049349885324,0.0310068093385214,0.00044424001136392054,8224.0,7969
HIV,classification,7,random,32896,8224,0.03508025291828794,0.03514105058365759,6.079766536964959e-05,6.079766536964959e-05,,,,,8224
HIV,classification,7,ordinary_scaffold,32871,8249,0.035867481974993155,0.03200387925809189,-0.0038636027169012682,0.0038636027169012682,,,,,8249
HIV,classification,7,balanced_scaffold,33150,7970,0.03526395173453997,0.03437892095357591,-0.0008850307809640592,0.0008850307809640592,0.03476260260678671,0.030885214007782102,0.003877388599004606,8224.0,7970
HIV,classification,19,random,32896,8224,0.03508025291828794,0.03514105058365759,6.079766536964959e-05,6.079766536964959e-05,,,,,8224
HIV,classification,19,ordinary_scaffold,32871,8249,0.035867481974993155,0.03200387925809189,-0.0038636027169012682,0.0038636027169012682,,,,,8249
HIV,classification,19,balanced_scaffold,32885,8235,0.03652121027824236,0.029386763812993322,-0.007134446465249036,0.007134446465249036,0.032344248856686526,0.0013375486381322957,0.031006700218554232,8224.0,8235
HIV,classification,71,random,32896,8224,0.03508025291828794,0.03514105058365759,6.079766536964959e-05,6.079766536964959e-05,,,,,8224
HIV,classification,71,ordinary_scaffold,32871,8249,0.035867481974993155,0.03200387925809189,-0.0038636027169012682,0.0038636027169012682,,,,,8249
HIV,classification,71,balanced_scaffold,33167,7953,0.03515542557361233,0.0348296240412423,-0.00032580153237003057,0.00032580153237003057,0.03438042843176203,0.032952334630350195,0.0014280938014118348,8224.0,7953
HIV,classification,101,random,32896,8224,0.03508025291828794,0.03514105058365759,6.079766536964959e-05,6.079766536964959e-05,,,,,8224
HIV,classification,101,ordinary_scaffold,32871,8249,0.035867481974993155,0.03200387925809189,-0.0038636027169012682,0.0038636027169012682,,,,,8249
HIV,classification,101,balanced_scaffold,33152,7968,0.03502051158301158,0.035391566265060244,0.0003710546820486632,0.0003710546820486632,0.03275412213076128,0.0311284046692607,0.0016257174615005822,8224.0,7968
HIV,classification,211,random,32896,8224,0.03508025291828794,0.03514105058365759,6.079766536964959e-05,6.079766536964959e-05,,,,,8224
HIV,classification,211,ordinary_scaffold,32871,8249,0.035867481974993155,0.03200387925809189,-0.0038636027169012682,0.0038636027169012682,,,,,8249
HIV,classification,211,balanced_scaffold,33147,7973,0.035206806045796,0.034616831807349806,-0.0005899742384461934,0.0005899742384461934,0.033104917070755205,0.0305204280155642,0.0025844890551910056,8224.0,7973
HIV,classification,307,random,32896,8224,0.03508025291828794,0.03514105058365759,6.079766536964959e-05,6.079766536964959e-05,,,,,8224
HIV,classification,307,ordinary_scaffold,32871,8249,0.035867481974993155,0.03200387925809189,-0.0038636027169012682,0.0038636027169012682,,,,,8249
HIV,classification,307,balanced_scaffold,32877,8243,0.036499680627794504,0.02947955841319908,-0.007020122214595425,0.007020122214595425,0.0328127297753435,0.0023103112840466926,0.030502418491296805,8224.0,8243
HIV,classification,401,random,32896,8224,0.03508025291828794,0.03514105058365759,6.079766536964959e-05,6.079766536964959e-05,,,,,8224
HIV,classification,401,ordinary_scaffold,32871,8249,0.035867481974993155,0.03200387925809189,-0.0038636027169012682,0.0038636027169012682,,,,,8249
HIV,classification,401,balanced_scaffold,32901,8219,0.03641226710434333,0.029808979194549216,-0.006603287909794114,0.006603287909794114,0.02932019528158106,0.0006079766536964981,0.02871221862788456,8224.0,8219
HIV,classification,503,random,32896,8224,0.03508025291828794,0.03514105058365759,6.079766536964959e-05,6.079766536964959e-05,,,,,8224
HIV,classification,503,ordinary_scaffold,32871,8249,0.035867481974993155,0.03200387925809189,-0.0038636027169012682,0.0038636027169012682,,,,,8249
HIV,classification,503,balanced_scaffold,33170,7950,0.03515224600542659,0.03484276729559749,-0.0003094787098291002,0.0003094787098291002,0.03467378889929075,0.03331712062256809,0.0013566682767226544,8224.0,7950
HIV,classification,601,random,32896,8224,0.03508025291828794,0.03514105058365759,6.079766536964959e-05,6.079766536964959e-05,,,,,8224
HIV,classification,601,ordinary_scaffold,32871,8249,0.035867481974993155,0.03200387925809189,-0.0038636027169012682,0.0038636027169012682,,,,,8249
HIV,classification,601,balanced_scaffold,32908,8212,0.0365260726874924,0.029347296639064782,-0.007178776048427621,0.007178776048427621,0.03268032406658391,0.0014591439688715954,0.031221180097712315,8224.0,8212
HIV,classification,701,random,32896,8224,0.03508025291828794,0.03514105058365759,6.079766536964959e-05,6.079766536964959e-05,,,,,8224
HIV,classification,701,ordinary_scaffold,32871,8249,0.035867481974993155,0.03200387925809189,-0.0038636027169012682,0.0038636027169012682,,,,,8249
HIV,classification,701,balanced_scaffold,33168,7952,0.03518451519536903,0.03470824949698189,-0.0004762656983871433,0.0004762656983871433,0.03516161995332499,0.033073929961089495,0.002087689992235498,8224.0,7952
HIV,classification,809,random,32896,8224,0.03508025291828794,0.03514105058365759,6.079766536964959e-05,6.079766536964959e-05,,,,,8224
HIV,classification,809,ordinary_scaffold,32871,8249,0.035867481974993155,0.03200387925809189,-0.0038636027169012682,0.0038636027169012682,,,,,8249
HIV,classification,809,balanced_scaffold,32904,8216,0.036591295891077076,0.029089581304771177,-0.007501714586305899,0.007501714586305899,0.03359446749000353,0.0009727626459143969,0.032621704844089126,8224.0,8216
HIV,classification,907,random,32896,8224,0.03508025291828794,0.03514105058365759,6.079766536964959e-05,6.079766536964959e-05,,,,,8224
HIV,classification,907,ordinary_scaffold,32871,8249,0.035867481974993155,0.03200387925809189,-0.0038636027169012682,0.0038636027169012682,,,,,8249
HIV,classification,907,balanced_scaffold,33171,7949,0.035151186277169816,0.034847150584979246,-0.00030403569219056986,0.00030403569219056986,0.03477156374116969,0.03343871595330739,0.0013328477878623006,8224.0,7949
HIV,classification,1009,random,32896,8224,0.03508025291828794,0.03514105058365759,6.079766536964959e-05,6.079766536964959e-05,,,,,8224
HIV,classification,1009,ordinary_scaffold,32871,8249,0.035867481974993155,0.03200387925809189,-0.0038636027169012682,0.0038636027169012682,,,,,8249
HIV,classification,1009,balanced_scaffold,33151,7969,0.03514222798708938,0.03488518007278203,-0.0002570479143073484,0.0002570479143073484,0.032132990189370325,0.0310068093385214,0.0011261808508489265,8224.0,7969
HIV,classification,1201,random,32896,8224,0.03508025291828794,0.03514105058365759,6.079766536964959e-05,6.079766536964959e-05,,,,,8224
HIV,classification,1201,ordinary_scaffold,32871,8249,0.035867481974993155,0.03200387925809189,-0.0038636027169012682,0.0038636027169012682,,,,,8249
HIV,classification,1201,balanced_scaffold,33163,7957,0.035099357717938665,0.03506346613045117,-3.589158748749238e-05,3.589158748749238e-05,0.0326232588044179,0.032465953307393,0.0001573054970249006,8224.0,7957
HIV,classification,1429,random,32896,8224,0.03508025291828794,0.03514105058365759,6.079766536964959e-05,6.079766536964959e-05,,,,,8224
HIV,classification,1429,ordinary_scaffold,32871,8249,0.035867481974993155,0.03200387925809189,-0.0038636027169012682,0.0038636027169012682,,,,,8249
HIV,classification,1429,balanced_scaffold,32894,8226,0.0363592144464036,0.030026744468757596,-0.006332469977646006,0.006332469977646006,0.027771988612179437,0.00024319066147859923,0.027528797950700838,8224.0,8226
ESOL,regression,42,random,893,224,-3.0629753639417694,-2.9997232142857144,0.06325214965605497,0.06325214965605497,,,,,224
ESOL,regression,42,ordinary_scaffold,801,316,-3.4954144818976283,-1.9219873417721518,1.5734271401254765,1.5734271401254765,,,,,316
ESOL,regression,42,balanced_scaffold,905,212,-3.050070718232044,-3.0512311320754724,-0.001160413843428465,0.001160413843428465,0.049776387871010346,0.04932735426008968,0.0004490336109206607,223.0,212
ESOL,regression,123,random,893,224,-3.0450515117581185,-3.0711785714285713,-0.026127059670452812,0.026127059670452812,,,,,224
ESOL,regression,123,ordinary_scaffold,801,316,-3.4954144818976283,-1.9219873417721518,1.5734271401254765,1.5734271401254765,,,,,316
ESOL,regression,123,balanced_scaffold,904,213,-3.0496305309734515,-3.053093896713615,-0.003463365740163482,0.003463365740163482,0.04618175208049606,0.04484304932735426,0.0013387027531417996,223.0,213
ESOL,regression,2024,random,893,224,-3.0868353863381857,-2.904602678571429,0.1822327077667567,0.1822327077667567,,,,,224
ESOL,regression,2024,ordinary_scaffold,801,316,-3.4954144818976283,-1.9219873417721518,1.5734271401254765,1.5734271401254765,,,,,316
ESOL,regression,2024,balanced_scaffold,864,253,-3.1066956018518517,-2.8576679841897232,0.24902761766212844,0.24902761766212844,0.2265271987848168,0.13452914798206278,0.09199805080275403,223.0,253
ESOL,regression,2026,random,893,224,-3.047993281075028,-3.059450892857143,-0.011457611782114796,0.011457611782114796,,,,,224
ESOL,regression,2026,ordinary_scaffold,801,316,-3.4954144818976283,-1.9219873417721518,1.5734271401254765,1.5734271401254765,,,,,316
ESOL,regression,2026,balanced_scaffold,904,213,-3.0521891592920354,-3.0422347417840374,0.00995441750799797,0.00995441750799797,0.04869075330194507,0.04484304932735426,0.003847703974590809,223.0,213
ESOL,regression,3407,random,893,224,-3.0773527435610304,-2.94240625,0.1349464935610305,0.1349464935610305,,,,,224
ESOL,regression,3407,ordinary_scaffold,801,316,-3.4954144818976283,-1.9219873417721518,1.5734271401254765,1.5734271401254765,,,,,316
ESOL,regression,3407,balanced_scaffold,905,212,-3.049564640883978,-3.053391509433962,-0.0038268685499840416,0.0038268685499840416,0.050808198885696154,0.04932735426008968,0.001480844625606472,223.0,212
ESOL,regression,7,random,893,224,-3.0456640537514,-3.0687366071428572,-0.023072553391457085,0.023072553391457085,,,,,224
ESOL,regression,7,ordinary_scaffold,801,316,-3.4954144818976283,-1.9219873417721518,1.5734271401254765,1.5734271401254765,,,,,316
ESOL,regression,7,balanced_scaffold,864,253,-3.1066956018518517,-2.8576679841897232,0.24902761766212844,0.24902761766212844,0.2265271987848168,0.13452914798206278,0.09199805080275403,223.0,253
ESOL,regression,19,random,893,224,-3.0441870100783874,-3.074625,-0.03043798992161273,0.03043798992161273,,,,,224
ESOL,regression,19,ordinary_scaffold,801,316,-3.4954144818976283,-1.9219873417721518,1.5734271401254765,1.5734271401254765,,,,,316
ESOL,regression,19,balanced_scaffold,864,253,-3.1066956018518517,-2.8576679841897232,0.24902761766212844,0.24902761766212844,0.2265271987848168,0.13452914798206278,0.09199805080275403,223.0,253
ESOL,regression,71,random,893,224,-3.0749350503919373,-2.952044642857143,0.1228904075347943,0.1228904075347943,,,,,224
ESOL,regression,71,ordinary_scaffold,801,316,-3.4954144818976283,-1.9219873417721518,1.5734271401254765,1.5734271401254765,,,,,316
ESOL,regression,71,balanced_scaffold,905,212,-3.0493060773480662,-3.0544952830188685,-0.005189205670802277,0.005189205670802277,0.051335368705426605,0.04932735426008968,0.002008014445336921,223.0,212
ESOL,regression,101,random,893,224,-3.0558409854423294,-3.0281651785714283,0.0276758068709011,0.0276758068709011,,,,,224
ESOL,regression,101,ordinary_scaffold,801,316,-3.4954144818976283,-1.9219873417721518,1.5734271401254765,1.5734271401254765,,,,,316
ESOL,regression,101,balanced_scaffold,905,212,-3.050195580110497,-3.050698113207547,-0.0005025330970500619,0.0005025330970500619,0.04952181441105473,0.04932735426008968,0.00019446015096504665,223.0,212
ESOL,regression,211,random,893,224,-3.0665386338185887,-2.9855178571428573,0.08102077667573138,0.08102077667573138,,,,,224
ESOL,regression,211,ordinary_scaffold,801,316,-3.4954144818976283,-1.9219873417721518,1.5734271401254765,1.5734271401254765,,,,,316
ESOL,regression,211,balanced_scaffold,906,211,-3.046129139072848,-3.0681611374407587,-0.0220319983679107,0.0220319983679107,0.06234657925591516,0.053811659192825115,0.008534920063090048,223.0,211
ESOL,regression,307,random,893,224,-3.0040257558790593,-3.234732142857143,-0.23070638697808388,0.23070638697808388,,,,,224
ESOL,regression,307,ordinary_scaffold,801,316,-3.4954144818976283,-1.9219873417721518,1.5734271401254765,1.5734271401254765,,,,,316
ESOL,regression,307,balanced_scaffold,864,253,-3.1066956018518517,-2.8576679841897232,0.24902761766212844,0.24902761766212844,0.2265271987848168,0.13452914798206278,0.09199805080275403,223.0,253
ESOL,regression,401,random,893,224,-3.092716685330347,-2.8811562500000005,0.2115604353303464,0.2115604353303464,,,,,224
ESOL,regression,401,ordinary_scaffold,801,316,-3.4954144818976283,-1.9219873417721518,1.5734271401254765,1.5734271401254765,,,,,316
ESOL,regression,401,balanced_scaffold,864,253,-3.1066956018518517,-2.8576679841897232,0.24902761766212844,0.24902761766212844,0.2265271987848168,0.13452914798206278,0.09199805080275403,223.0,253
ESOL,regression,503,random,893,224,-3.060400895856663,-3.0099866071428574,0.05041428871380571,0.05041428871380571,,,,,224
ESOL,regression,503,ordinary_scaffold,801,316,-3.4954144818976283,-1.9219873417721518,1.5734271401254765,1.5734271401254765,,,,,316
ESOL,regression,503,balanced_scaffold,864,253,-3.1066956018518517,-2.8576679841897232,0.24902761766212844,0.24902761766212844,0.2265271987848168,0.13452914798206278,0.09199805080275403,223.0,253
ESOL,regression,601,random,893,224,-3.0261265397536397,-3.1466250000000002,-0.12049846024636057,0.12049846024636057,,,,,224
ESOL,regression,601,ordinary_scaffold,801,316,-3.4954144818976283,-1.9219873417721518,1.5734271401254765,1.5734271401254765,,,,,316
ESOL,regression,601,balanced_scaffold,864,253,-3.1066956018518517,-2.8576679841897232,0.24902761766212844,0.24902761766212844,0.2265271987848168,0.13452914798206278,0.09199805080275403,223.0,253
ESOL,regression,701,random,893,224,-3.0628085106382974,-3.000388392857143,0.06242011778115453,0.06242011778115453,,,,,224
ESOL,regression,701,ordinary_scaffold,801,316,-3.4954144818976283,-1.9219873417721518,1.5734271401254765,1.5734271401254765,,,,,316
ESOL,regression,701,balanced_scaffold,905,212,-3.050405524861879,-3.049801886792453,0.0006036380694260934,0.0006036380694260934,0.04956093797984555,0.04932735426008968,0.00023358371975587005,223.0,212
ESOL,regression,809,random,893,224,-3.092267637178052,-2.8829464285714286,0.20932120860662362,0.20932120860662362,,,,,224
ESOL,regression,809,ordinary_scaffold,801,316,-3.4954144818976283,-1.9219873417721518,1.5734271401254765,1.5734271401254765,,,,,316
ESOL,regression,809,balanced_scaffold,904,213,-3.048496681415929,-3.0579061032863852,-0.009409421870456125,0.009409421870456125,0.04848009488029162,0.04484304932735426,0.0036370455529373645,223.0,213
ESOL,regression,907,random,893,224,-2.989667413213886,-3.2919732142857145,-0.3023058010718285,0.3023058010718285,,,,,224
ESOL,regression,907,ordinary_scaffold,801,316,-3.4954144818976283,-1.9219873417721518,1.5734271401254765,1.5734271401254765,,,,,316
ESOL,regression,907,balanced_scaffold,905,212,-3.051388950276243,-3.045603773584906,0.005785176691336602,0.005785176691336602,0.05156598558480259,0.04932735426008968,0.002238631324712904,223.0,212
ESOL,regression,1009,random,893,224,-3.092998880179171,-2.8800312499999996,0.21296763017917142,0.21296763017917142,,,,,224
ESOL,regression,1009,ordinary_scaffold,801,316,-3.4954144818976283,-1.9219873417721518,1.5734271401254765,1.5734271401254765,,,,,316
ESOL,regression,1009,balanced_scaffold,905,212,-3.050649723756906,-3.048759433962265,0.0018902897946411201,0.0018902897946411201,0.050058820587368706,0.04932735426008968,0.0007314663272790246,223.0,212
ESOL,regression,1201,random,893,224,-3.0610929451287787,-3.0072276785714283,0.053865266557350466,0.053865266557350466,,,,,224
ESOL,regression,1201,ordinary_scaffold,801,316,-3.4954144818976283,-1.9219873417721518,1.5734271401254765,1.5734271401254765,,,,,316
ESOL,regression,1201,balanced_scaffold,864,253,-3.1066956018518517,-2.8576679841897232,0.24902761766212844,0.24902761766212844,0.2265271987848168,0.13452914798206278,0.09199805080275403,223.0,253
ESOL,regression,1429,random,893,224,-3.0033628219484885,-3.237375,-0.23401217805151164,0.23401217805151164,,,,,224
ESOL,regression,1429,ordinary_scaffold,801,316,-3.4954144818976283,-1.9219873417721518,1.5734271401254765,1.5734271401254765,,,,,316
ESOL,regression,1429,balanced_scaffold,904,213,-3.048595132743363,-3.0574882629107982,-0.008893130167435093,0.008893130167435093,0.048280531456699784,0.04484304932735426,0.003437482129345529,223.0,213
FreeSolv,regression,42,random,513,129,-3.9359454191033136,-3.2743410852713177,0.6616043338319959,0.6616043338319959,,,,,129
FreeSolv,regression,42,ordinary_scaffold,322,320,-5.219099378881987,-2.3780625,2.841036878881987,2.841036878881987,,,,,320
FreeSolv,regression,42,balanced_scaffold,490,152,-3.5127346938775506,-4.73875,-1.226015306122449,1.226015306122449,0.43087764392594,0.1875,0.24337764392594002,128.0,152
FreeSolv,regression,123,random,513,129,-3.7291228070175437,-4.096821705426357,-0.367698898408813,0.367698898408813,,,,,129
FreeSolv,regression,123,ordinary_scaffold,322,320,-5.219099378881987,-2.3780625,2.841036878881987,2.841036878881987,,,,,320
FreeSolv,regression,123,balanced_scaffold,490,152,-3.5127346938775506,-4.73875,-1.226015306122449,1.226015306122449,0.43087764392594,0.1875,0.24337764392594002,128.0,152
FreeSolv,regression,2024,random,513,129,-3.8235087719298244,-3.7214728682170546,0.10203590371276983,0.10203590371276983,,,,,129
FreeSolv,regression,2024,ordinary_scaffold,322,320,-5.219099378881987,-2.3780625,2.841036878881987,2.841036878881987,,,,,320
FreeSolv,regression,2024,balanced_scaffold,490,152,-3.5127346938775506,-4.73875,-1.226015306122449,1.226015306122449,0.43087764392594,0.1875,0.24337764392594002,128.0,152
FreeSolv,regression,2026,random,513,129,-3.84280701754386,-3.6447286821705425,0.19807833537331732,0.19807833537331732,,,,,129
FreeSolv,regression,2026,ordinary_scaffold,322,320,-5.219099378881987,-2.3780625,2.841036878881987,2.841036878881987,,,,,320
FreeSolv,regression,2026,balanced_scaffold,490,152,-3.5127346938775506,-4.73875,-1.226015306122449,1.226015306122449,0.43087764392594,0.1875,0.24337764392594002,128.0,152
FreeSolv,regression,3407,random,513,129,-3.916491228070176,-3.351705426356589,0.5647858017135867,0.5647858017135867,,,,,129
FreeSolv,regression,3407,ordinary_scaffold,322,320,-5.219099378881987,-2.3780625,2.841036878881987,2.841036878881987,,,,,320
FreeSolv,regression,3407,balanced_scaffold,490,152,-3.5127346938775506,-4.73875,-1.226015306122449,1.226015306122449,0.43087764392594,0.1875,0.24337764392594002,128.0,152
FreeSolv,regression,7,random,513,129,-3.788752436647173,-3.85968992248062,-0.07093748583344661,0.07093748583344661,,,,,129
FreeSolv,regression,7,ordinary_scaffold,322,320,-5.219099378881987,-2.3780625,2.841036878881987,2.841036878881987,,,,,320
FreeSolv,regression,7,balanced_scaffold,490,152,-3.5127346938775506,-4.73875,-1.226015306122449,1.226015306122449,0.43087764392594,0.1875,0.24337764392594002,128.0,152
FreeSolv,regression,19,random,513,129,-3.7748732943469787,-3.9148837209302325,-0.1400104265832538,0.1400104265832538,,,,,129
FreeSolv,regression,19,ordinary_scaffold,322,320,-5.219099378881987,-2.3780625,2.841036878881987,2.841036878881987,,,,,320
FreeSolv,regression,19,balanced_scaffold,490,152,-3.5127346938775506,-4.73875,-1.226015306122449,1.226015306122449,0.43087764392594,0.1875,0.24337764392594002,128.0,152
FreeSolv,regression,71,random,513,129,-3.8220272904483434,-3.7273643410852717,0.09466294936307174,0.09466294936307174,,,,,129
FreeSolv,regression,71,ordinary_scaffold,322,320,-5.219099378881987,-2.3780625,2.841036878881987,2.841036878881987,,,,,320
FreeSolv,regression,71,balanced_scaffold,490,152,-3.5127346938775506,-4.73875,-1.226015306122449,1.226015306122449,0.43087764392594,0.1875,0.24337764392594002,128.0,152
FreeSolv,regression,101,random,513,129,-3.7550682261208577,-3.993643410852713,-0.23857518473185513,0.23857518473185513,,,,,129
FreeSolv,regression,101,ordinary_scaffold,322,320,-5.219099378881987,-2.3780625,2.841036878881987,2.841036878881987,,,,,320
FreeSolv,regression,101,balanced_scaffold,490,152,-3.5127346938775506,-4.73875,-1.226015306122449,1.226015306122449,0.43087764392594,0.1875,0.24337764392594002,128.0,152
FreeSolv,regression,211,random,513,129,-3.7233333333333336,-4.11984496124031,-0.39651162790697647,0.39651162790697647,,,,,129
FreeSolv,regression,211,ordinary_scaffold,322,320,-5.219099378881987,-2.3780625,2.841036878881987,2.841036878881987,,,,,320
FreeSolv,regression,211,balanced_scaffold,490,152,-3.5127346938775506,-4.73875,-1.226015306122449,1.226015306122449,0.43087764392594,0.1875,0.24337764392594002,128.0,152
FreeSolv,regression,307,random,513,129,-3.8469395711500973,-3.6282945736434113,0.21864499750668598,0.21864499750668598,,,,,129
FreeSolv,regression,307,ordinary_scaffold,322,320,-5.219099378881987,-2.3780625,2.841036878881987,2.841036878881987,,,,,320
FreeSolv,regression,307,balanced_scaffold,490,152,-3.5127346938775506,-4.73875,-1.226015306122449,1.226015306122449,0.43087764392594,0.1875,0.24337764392594002,128.0,152
FreeSolv,regression,401,random,513,129,-3.7716959064327487,-3.927519379844961,-0.15582347341221237,0.15582347341221237,,,,,129
FreeSolv,regression,401,ordinary_scaffold,322,320,-5.219099378881987,-2.3780625,2.841036878881987,2.841036878881987,,,,,320
FreeSolv,regression,401,balanced_scaffold,490,152,-3.5127346938775506,-4.73875,-1.226015306122449,1.226015306122449,0.43087764392594,0.1875,0.24337764392594002,128.0,152
FreeSolv,regression,503,random,513,129,-3.851598440545809,-3.6097674418604653,0.24183099868534352,0.24183099868534352,,,,,129
FreeSolv,regression,503,ordinary_scaffold,322,320,-5.219099378881987,-2.3780625,2.841036878881987,2.841036878881987,,,,,320
FreeSolv,regression,503,balanced_scaffold,490,152,-3.5127346938775506,-4.73875,-1.226015306122449,1.226015306122449,0.43087764392594,0.1875,0.24337764392594002,128.0,152
FreeSolv,regression,601,random,513,129,-3.883937621832359,-3.481162790697674,0.40277483113468504,0.40277483113468504,,,,,129
FreeSolv,regression,601,ordinary_scaffold,322,320,-5.219099378881987,-2.3780625,2.841036878881987,2.841036878881987,,,,,320
FreeSolv,regression,601,balanced_scaffold,490,152,-3.5127346938775506,-4.73875,-1.226015306122449,1.226015306122449,0.43087764392594,0.1875,0.24337764392594002,128.0,152
FreeSolv,regression,701,random,513,129,-3.797836257309942,-3.8235658914728683,-0.025729634162926285,0.025729634162926285,,,,,129
FreeSolv,regression,701,ordinary_scaffold,322,320,-5.219099378881987,-2.3780625,2.841036878881987,2.841036878881987,,,,,320
FreeSolv,regression,701,balanced_scaffold,490,152,-3.5127346938775506,-4.73875,-1.226015306122449,1.226015306122449,0.43087764392594,0.1875,0.24337764392594002,128.0,152
FreeSolv,regression,809,random,513,129,-3.966725146198831,-3.1519379844961244,0.8147871617027067,0.8147871617027067,,,,,129
FreeSolv,regression,809,ordinary_scaffold,322,320,-5.219099378881987,-2.3780625,2.841036878881987,2.841036878881987,,,,,320
FreeSolv,regression,809,balanced_scaffold,490,152,-3.5127346938775506,-4.73875,-1.226015306122449,1.226015306122449,0.43087764392594,0.1875,0.24337764392594002,128.0,152
FreeSolv,regression,907,random,513,129,-3.7055165692007797,-4.190697674418605,-0.485181105217825,0.485181105217825,,,,,129
FreeSolv,regression,907,ordinary_scaffold,322,320,-5.219099378881987,-2.3780625,2.841036878881987,2.841036878881987,,,,,320
FreeSolv,regression,907,balanced_scaffold,490,152,-3.5127346938775506,-4.73875,-1.226015306122449,1.226015306122449,0.43087764392594,0.1875,0.24337764392594002,128.0,152
FreeSolv,regression,1009,random,513,129,-3.803216374269006,-3.802170542635659,0.0010458316333470385,0.0010458316333470385,,,,,129
FreeSolv,regression,1009,ordinary_scaffold,322,320,-5.219099378881987,-2.3780625,2.841036878881987,2.841036878881987,,,,,320
FreeSolv,regression,1009,balanced_scaffold,490,152,-3.5127346938775506,-4.73875,-1.226015306122449,1.226015306122449,0.43087764392594,0.1875,0.24337764392594002,128.0,152
FreeSolv,regression,1201,random,513,129,-3.923801169590643,-3.3226356589147286,0.6011655106759144,0.6011655106759144,,,,,129
FreeSolv,regression,1201,ordinary_scaffold,322,320,-5.219099378881987,-2.3780625,2.841036878881987,2.841036878881987,,,,,320
FreeSolv,regression,1201,balanced_scaffold,490,152,-3.5127346938775506,-4.73875,-1.226015306122449,1.226015306122449,0.43087764392594,0.1875,0.24337764392594002,128.0,152
FreeSolv,regression,1429,random,513,129,-3.7357309941520476,-4.0705426356589145,-0.33481164150686693,0.33481164150686693,,,,,129
FreeSolv,regression,1429,ordinary_scaffold,322,320,-5.219099378881987,-2.3780625,2.841036878881987,2.841036878881987,,,,,320
FreeSolv,regression,1429,balanced_scaffold,490,152,-3.5127346938775506,-4.73875,-1.226015306122449,1.226015306122449,0.43087764392594,0.1875,0.24337764392594002,128.0,152
